longitude,latitude,acq_date
87.5973,26.454,2019-01-01
85.9213,26.8516,2019-01-01
86.9593,27.1261,2019-01-01
86.9475,27.1246,2019-01-01
81.242,28.4002,2019-01-01
80.7686,29.8021,2019-01-01
88.0527,26.5082,2019-01-03
87.5964,26.5719,2019-01-03
85.4065,27.0568,2019-01-04
85.4289,27.0612,2019-01-04
85.4011,27.059,2019-01-04
82.6581,28.3111,2019-01-04
82.4684,28.8812,2019-01-04
81.2081,29.6639,2019-01-04
80.159,28.8004,2019-01-05
85.8311,26.7809,2019-01-05
84.5456,27.6111,2019-01-05
84.8985,28.3267,2019-01-05
80.1664,28.8073,2019-01-05
80.1319,28.7995,2019-01-05
80.1595,28.8167,2019-01-05
80.1251,28.8087,2019-01-05
84.9472,27.3242,2019-01-06
84.8096,28.1451,2019-01-08
84.3496,28.0939,2019-01-08
84.4286,28.3417,2019-01-08
83.0893,28.3248,2019-01-08
80.4039,28.7302,2019-01-08
87.0385,26.6669,2019-01-09
87.0538,26.6642,2019-01-09
87.0055,26.7168,2019-01-09
87.0014,26.7113,2019-01-09
87.0074,26.714,2019-01-10
87.0015,26.7142,2019-01-10
86.9841,26.6821,2019-01-10
87.046,26.6545,2019-01-10
86.9941,26.6835,2019-01-10
87.008,26.7222,2019-01-10
86.9979,26.7208,2019-01-10
84.4668,27.5577,2019-01-10
84.4563,27.556,2019-01-10
86.9535,26.6071,2019-01-11
86.945,26.6089,2019-01-11
86.4879,27.6607,2019-01-12
84.7786,27.524,2019-01-12
87.4279,27.453,2019-01-13
85.1894,27.1293,2019-01-13
84.5258,27.5319,2019-01-13
84.5245,27.5439,2019-01-13
80.4458,28.6129,2019-01-14
80.4572,28.6111,2019-01-14
86.9996,26.7255,2019-01-15
86.983,26.7238,2019-01-15
85.653,26.9861,2019-01-15
85.6393,26.9845,2019-01-15
84.2506,28.325,2019-01-15
87.4665,26.4785,2019-01-17
87.6409,26.6541,2019-01-17
80.1609,28.7708,2019-01-17
82.8589,27.6303,2019-01-18
80.1465,28.8272,2019-01-19
87.7045,27.1801,2019-01-19
84.0329,28.1616,2019-01-19
81.9454,29.9488,2019-01-19
81.9607,29.9481,2019-01-20
81.3162,29.6847,2019-01-20
83.2619,27.4827,2019-01-20
84.4465,27.5559,2019-01-20
84.4225,27.5537,2019-01-20
83.2675,27.4805,2019-01-20
83.2817,27.4846,2019-01-20
80.4635,28.8825,2019-01-20
87.6796,26.6091,2019-01-21
87.6674,26.6071,2019-01-21
84.4761,27.5546,2019-01-22
86.9882,26.6392,2019-01-24
85.9377,27.0512,2019-01-24
83.1396,27.6722,2019-01-24
87.7394,27.2054,2019-01-28
87.7291,27.2039,2019-01-28
87.004,26.6572,2019-01-29
86.9765,26.6548,2019-01-29
84.3418,27.5571,2019-01-29
80.1661,28.8124,2019-01-30
80.1771,28.8106,2019-01-30
80.3364,28.6632,2019-01-30
80.3476,28.6613,2019-01-30
84.7879,27.5224,2019-01-30
84.7921,27.5256,2019-01-30
84.5021,27.5398,2019-01-31
87.4283,26.9641,2019-02-02
87.4161,26.9625,2019-02-02
87.4197,26.9671,2019-02-02
87.4078,26.9657,2019-02-02
87.448,27.3233,2019-02-02
87.3734,27.5308,2019-02-02
87.4536,27.783,2019-02-02
87.4411,27.7815,2019-02-02
82.7397,27.6019,2019-02-02
84.4034,28.0833,2019-02-02
84.0148,28.1656,2019-02-02
84.5388,28.2868,2019-02-02
80.1453,28.8541,2019-02-02
80.1317,28.8517,2019-02-02
85.4062,27.1563,2019-02-02
87.7353,26.6589,2019-02-02
86.9909,26.6672,2019-02-02
86.7392,26.6349,2019-02-02
86.1492,26.8275,2019-02-04
87.2421,26.4124,2019-02-04
87.4339,26.9836,2019-02-04
87.4241,26.9821,2019-02-04
87.7207,27.191,2019-02-04
87.7107,27.1896,2019-02-04
85.9545,26.9817,2019-02-04
85.4121,27.0512,2019-02-04
87.7839,27.3934,2019-02-04
84.9744,27.2761,2019-02-04
84.6998,28.2495,2019-02-04
84.8248,28.2186,2019-02-05
87.4348,26.9949,2019-02-05
86.9996,26.7026,2019-02-05
86.9922,26.697,2019-02-05
84.4596,27.5501,2019-02-05
84.4851,27.5389,2019-02-05
84.4838,27.5524,2019-02-05
84.2221,27.5411,2019-02-05
84.4764,27.5483,2019-02-05
84.2146,27.5388,2019-02-05
84.9801,27.1722,2019-02-10
86.3572,26.9657,2019-02-11
81.7875,29.6197,2019-02-11
87.1025,26.792,2019-02-12
80.1418,28.8176,2019-02-12
80.1256,28.8159,2019-02-12
88.0522,26.4848,2019-02-13
84.303,27.9239,2019-02-16
87.6195,26.4882,2019-02-16
87.6129,26.4834,2019-02-16
86.1852,26.6728,2019-02-16
84.1488,27.555,2019-02-18
85.3045,27.3145,2019-02-18
84.0486,27.5403,2019-02-18
84.9406,27.0902,2019-02-19
88.0431,26.609,2019-02-20
86.0533,26.9948,2019-02-20
85.9859,26.9207,2019-02-20
84.4762,27.5614,2019-02-20
84.1778,27.5822,2019-02-20
84.2347,27.6532,2019-02-20
84.2386,27.5305,2019-02-22
87.6906,26.7129,2019-02-22
84.2329,27.5224,2019-02-22
84.214,27.5188,2019-02-22
84.2557,28.2457,2019-02-22
82.6798,28.9858,2019-02-22
84.2211,27.5298,2019-02-23
84.3928,27.5603,2019-02-23
84.4012,27.5558,2019-02-23
84.3866,27.5542,2019-02-23
84.2133,27.5353,2019-02-23
80.1897,28.8245,2019-02-23
80.1795,28.8231,2019-02-23
80.1469,28.8406,2019-02-25
80.1821,28.8271,2019-02-25
84.4214,27.5484,2019-02-25
86.9831,26.6861,2019-02-25
87.3368,27.0925,2019-02-25
87.3239,27.0911,2019-02-25
86.3958,27.2464,2019-02-25
84.7816,27.2189,2019-02-25
84.4993,27.5307,2019-02-25
84.4978,27.5399,2019-02-25
84.4109,27.547,2019-02-25
84.4722,27.5644,2019-02-25
84.2209,27.5401,2019-02-25
86.4121,27.2624,2019-02-26
86.4112,27.2519,2019-02-26
84.398,27.548,2019-03-01
84.3831,27.5453,2019-03-01
80.2461,28.8377,2019-03-01
80.2402,28.8416,2019-03-01
86.0308,26.8423,2019-03-02
83.8838,27.4608,2019-03-02
84.0735,28.0186,2019-03-04
84.0618,28.0171,2019-03-04
82.0081,27.9901,2019-03-05
84.6721,27.1547,2019-03-05
85.396,26.9976,2019-03-05
85.411,26.9949,2019-03-05
85.6906,26.988,2019-03-06
86.6386,26.6905,2019-03-06
85.8247,26.997,2019-03-06
85.8145,26.9956,2019-03-06
85.7007,26.9894,2019-03-06
85.4143,27.134,2019-03-06
84.8571,27.1199,2019-03-06
84.3992,27.552,2019-03-06
84.2006,27.5417,2019-03-06
84.1906,27.5402,2019-03-06
83.7331,27.5,2019-03-06
82.7839,28.5937,2019-03-06
81.2844,28.5092,2019-03-06
81.3097,29.664,2019-03-06
83.6278,28.5711,2019-03-07
80.1627,28.8379,2019-03-08
80.1829,28.8339,2019-03-08
80.1658,28.8502,2019-03-08
80.186,28.8461,2019-03-08
84.2133,27.522,2019-03-08
84.2087,27.5417,2019-03-08
84.2245,27.617,2019-03-08
80.16,28.842,2019-03-08
85.7254,26.9917,2019-03-08
84.1983,27.5234,2019-03-09
80.8273,28.5076,2019-03-09
80.1269,28.8202,2019-03-09
84.2224,27.5256,2019-03-09
85.1713,27.1581,2019-03-10
86.7353,26.7104,2019-03-10
84.2736,27.6504,2019-03-10
80.2634,28.7344,2019-03-11
85.6625,26.982,2019-03-11
84.5191,27.5328,2019-03-11
84.5042,27.5312,2019-03-11
85.6691,26.9846,2019-03-11
81.4404,28.3927,2019-03-11
80.4705,28.5933,2019-03-11
82.051,29.4215,2019-03-11
82.0388,29.42,2019-03-11
82.1141,29.5997,2019-03-12
85.8038,27.8152,2019-03-12
87.4568,26.9254,2019-03-12
87.4408,26.9224,2019-03-12
87.4677,26.9325,2019-03-12
87.4507,26.9292,2019-03-12
87.3785,26.9532,2019-03-12
86.752,27.5351,2019-03-12
86.0216,27.6378,2019-03-12
86.8438,26.6451,2019-03-13
85.7363,27.071,2019-03-13
85.7249,27.0696,2019-03-13
87.5541,27.3855,2019-03-13
87.7017,27.4238,2019-03-13
85.7427,27.3461,2019-03-13
85.6999,27.4039,2019-03-13
84.7652,27.3426,2019-03-13
85.215,27.5207,2019-03-13
85.1606,27.5204,2019-03-13
84.4567,27.5302,2019-03-13
84.4537,27.5484,2019-03-13
84.4432,27.547,2019-03-13
84.1375,27.5339,2019-03-13
84.1154,27.5402,2019-03-13
84.1052,27.5388,2019-03-13
85.1878,27.7838,2019-03-13
83.7111,27.632,2019-03-13
84.5896,27.8987,2019-03-13
83.709,28.0272,2019-03-13
84.2747,28.1225,2019-03-13
84.6436,28.2074,2019-03-13
84.6326,28.206,2019-03-13
84.2141,28.1883,2019-03-13
83.6009,28.4547,2019-03-13
83.5815,28.4978,2019-03-13
81.2928,28.5601,2019-03-13
83.9645,27.5393,2019-03-14
81.8997,27.9611,2019-03-14
86.0684,26.9979,2019-03-15
87.4572,26.9804,2019-03-15
87.4471,26.9791,2019-03-15
86.0887,26.9732,2019-03-15
87.7517,27.211,2019-03-15
85.8031,26.9959,2019-03-15
87.2404,27.2262,2019-03-15
87.1994,27.2206,2019-03-15
87.5651,27.3069,2019-03-15
87.132,27.2672,2019-03-15
86.7437,27.3233,2019-03-15
86.7336,27.3219,2019-03-15
86.7236,27.3205,2019-03-15
86.8579,26.6865,2019-03-15
86.7083,26.6656,2019-03-15
86.6337,26.71,2019-03-15
86.8115,26.744,2019-03-15
82.2936,27.9688,2019-03-15
82.3013,27.9622,2019-03-15
82.2884,27.9607,2019-03-15
84.4899,28.3495,2019-03-16
81.3764,28.4219,2019-03-16
85.7519,27.7434,2019-03-16
85.7619,27.7419,2019-03-16
86.6829,27.3602,2019-03-16
82.1125,29.8405,2019-03-16
84.8717,28.3968,2019-03-16
84.8813,28.3954,2019-03-16
85.9796,26.9614,2019-03-16
84.9888,27.5973,2019-03-16
85.9516,27.3442,2019-03-16
87.8876,27.0244,2019-03-16
82.6741,27.727,2019-03-16
82.6858,27.7255,2019-03-16
86.8041,27.009,2019-03-16
84.9862,27.2658,2019-03-16
84.9962,27.2644,2019-03-16
86.0364,26.9895,2019-03-16
85.9896,26.9599,2019-03-16
86.9819,26.6754,2019-03-16
85.3809,26.8947,2019-03-16
86.6287,26.6939,2019-03-16
86.7171,26.6498,2019-03-16
86.794,26.6554,2019-03-16
86.8191,26.681,2019-03-16
84.8913,28.392,2019-03-16
86.8442,26.7217,2019-03-16
82.6739,27.7331,2019-03-16
87.4792,26.6394,2019-03-17
87.6098,27.5177,2019-03-17
86.1784,27.7594,2019-03-17
84.6791,28.0392,2019-03-17
84.6881,28.0367,2019-03-17
87.7747,27.4701,2019-03-17
87.4441,26.9751,2019-03-17
87.4207,26.9903,2019-03-17
87.3646,26.9911,2019-03-17
87.6268,27.2165,2019-03-17
87.6155,27.2147,2019-03-17
87.1774,27.1465,2019-03-17
85.9977,26.9559,2019-03-17
87.2254,27.1993,2019-03-17
87.7648,27.4686,2019-03-17
86.063,27.6563,2019-03-18
87.4624,27.2943,2019-03-18
86.8971,26.7099,2019-03-18
85.8975,27.0302,2019-03-18
85.7125,27.039,2019-03-18
85.7275,27.0397,2019-03-18
85.7051,27.0377,2019-03-18
84.8601,27.227,2019-03-18
85.0751,27.2504,2019-03-18
84.8742,27.2313,2019-03-18
80.2019,28.805,2019-03-18
80.1907,28.8036,2019-03-18
80.1892,28.8129,2019-03-18
80.1892,28.9015,2019-03-19
80.2003,28.8997,2019-03-19
80.2114,28.8979,2019-03-19
86.6987,26.7509,2019-03-19
86.7153,26.6821,2019-03-19
86.8967,26.7398,2019-03-19
86.8798,26.7367,2019-03-19
86.6055,26.6855,2019-03-19
86.753,26.7489,2019-03-19
86.6819,26.7478,2019-03-19
86.7611,26.7603,2019-03-19
86.6931,26.7473,2019-03-19
86.0707,26.9929,2019-03-19
85.7739,27.0172,2019-03-19
85.731,27.0217,2019-03-19
85.7256,27.0236,2019-03-19
80.1938,28.8966,2019-03-19
80.1852,28.8986,2019-03-19
87.9636,26.4961,2019-03-20
87.7142,27.1372,2019-03-20
85.9405,27.0678,2019-03-20
85.707,27.0457,2019-03-20
85.9254,27.0465,2019-03-20
85.6666,27.0599,2019-03-20
85.6529,27.0583,2019-03-20
85.2926,27.1293,2019-03-20
85.1102,27.1074,2019-03-20
85.2712,27.1449,2019-03-20
85.019,27.1566,2019-03-20
84.9584,27.2518,2019-03-20
84.9458,27.2503,2019-03-20
84.9332,27.2488,2019-03-20
84.9568,27.2618,2019-03-20
84.9442,27.2603,2019-03-20
84.7323,27.2346,2019-03-20
85.3311,26.8172,2019-03-20
86.6777,26.6955,2019-03-20
85.8386,26.9891,2019-03-20
86.0341,27.0439,2019-03-20
86.0189,27.0422,2019-03-20
85.8338,27.0207,2019-03-20
85.8434,27.0159,2019-03-20
86.0278,27.0469,2019-03-20
84.9414,27.3202,2019-03-20
84.1343,27.5468,2019-03-20
84.1226,27.5453,2019-03-20
84.1398,27.5504,2019-03-20
84.1282,27.549,2019-03-20
81.5507,28.2403,2019-03-20
80.1805,28.7872,2019-03-20
82.6938,27.726,2019-03-20
82.446,27.6924,2019-03-20
80.1745,28.8965,2019-03-20
80.1908,28.7887,2019-03-20
82.4358,27.691,2019-03-20
81.5608,28.2417,2019-03-20
85.3226,27.936,2019-03-21
83.164,27.7732,2019-03-21
83.9396,27.6233,2019-03-21
84.9529,27.2711,2019-03-21
85.2619,27.1935,2019-03-21
85.9495,27.0662,2019-03-21
84.6187,28.1235,2019-03-21
85.9286,27.047,2019-03-21
85.9224,27.048,2019-03-21
85.9385,27.0451,2019-03-21
85.6657,27.0719,2019-03-21
86.3861,26.9387,2019-03-21
85.0282,27.1758,2019-03-21
85.8513,27.0264,2019-03-21
85.6893,27.0334,2019-03-21
84.5005,27.7636,2019-03-21
85.7048,27.0305,2019-03-21
86.6857,26.8138,2019-03-21
86.508,26.7743,2019-03-21
87.0361,26.8395,2019-03-21
87.7543,26.6587,2019-03-21
87.0076,26.6139,2019-03-21
87.0059,26.6229,2019-03-21
86.8922,26.7535,2019-03-21
86.7931,26.7477,2019-03-21
87.0463,26.841,2019-03-21
86.8051,27.008,2019-03-21
86.8037,27.017,2019-03-21
85.903,27.0905,2019-03-21
84.9657,27.2466,2019-03-21
84.8896,27.2639,2019-03-21
84.8777,27.262,2019-03-21
84.8659,27.26,2019-03-21
84.9036,27.3486,2019-03-21
84.9436,27.2829,2019-03-22
84.9044,27.2898,2019-03-22
87.5567,26.8402,2019-03-22
86.7881,26.7696,2019-03-22
86.8124,26.7674,2019-03-22
86.8058,26.7591,2019-03-22
85.3245,27.112,2019-03-22
87.9522,26.4637,2019-03-22
86.778,26.7266,2019-03-22
86.9635,26.7598,2019-03-22
86.8392,26.7631,2019-03-22
86.8378,26.7724,2019-03-22
86.8049,26.7682,2019-03-22
86.794,26.7667,2019-03-22
86.6419,26.7469,2019-03-22
86.6312,26.7455,2019-03-22
86.6837,26.7619,2019-03-22
86.5895,26.7651,2019-03-22
86.6199,26.7784,2019-03-22
86.5769,26.839,2019-03-22
86.4085,26.9253,2019-03-22
86.1871,26.9618,2019-03-22
85.9982,26.9458,2019-03-22
86.0612,26.9724,2019-03-22
86.0077,26.9746,2019-03-22
86.0324,27.0151,2019-03-22
86.0904,27.0508,2019-03-22
85.7807,27.009,2019-03-22
85.6976,27.0336,2019-03-22
85.5132,27.0177,2019-03-22
85.6812,27.0683,2019-03-22
87.1608,27.2716,2019-03-22
85.881,27.1231,2019-03-22
85.3983,27.1038,2019-03-22
85.3176,27.0927,2019-03-22
85.3075,27.0913,2019-03-22
85.3145,27.1106,2019-03-22
85.1089,27.1094,2019-03-22
85.3129,27.1468,2019-03-22
85.8817,27.233,2019-03-22
85.3182,27.175,2019-03-22
85.3082,27.1736,2019-03-22
85.2679,27.1681,2019-03-22
85.2578,27.1667,2019-03-22
85.2663,27.177,2019-03-22
85.0192,27.1792,2019-03-22
85.0577,27.2132,2019-03-22
85.0661,27.2235,2019-03-22
84.956,27.2081,2019-03-22
85.0413,27.2475,2019-03-22
84.8066,27.2418,2019-03-22
84.8949,27.2635,2019-03-22
84.825,27.2536,2019-03-22
84.815,27.2521,2019-03-22
84.9478,27.2801,2019-03-22
84.8079,27.2604,2019-03-22
84.798,27.259,2019-03-22
84.788,27.2576,2019-03-22
84.9462,27.289,2019-03-22
84.8063,27.2693,2019-03-22
84.7963,27.2679,2019-03-22
84.9046,27.2923,2019-03-22
84.903,27.3012,2019-03-22
84.893,27.2998,2019-03-22
85.0098,27.3345,2019-03-22
83.8896,27.6164,2019-03-22
82.8736,27.7479,2019-03-22
84.3138,28.166,2019-03-22
82.3256,27.9586,2019-03-22
82.1815,28.0276,2019-03-22
82.1695,28.0257,2019-03-22
80.1871,28.8999,2019-03-22
81.9693,29.6296,2019-03-22
86.8542,26.8087,2019-03-22
86.8681,26.807,2019-03-22
85.0522,28.1757,2019-03-23
81.586,29.3264,2019-03-23
82.4303,28.8968,2019-03-23
83.8238,27.6136,2019-03-23
84.6301,27.3819,2019-03-23
84.6402,27.3804,2019-03-23
85.7598,27.1855,2019-03-23
85.7706,27.1837,2019-03-23
84.9094,27.3111,2019-03-23
84.5628,27.3554,2019-03-23
84.8132,27.28,2019-03-23
85.498,27.173,2019-03-23
84.8014,27.2726,2019-03-23
84.8217,27.2695,2019-03-23
84.8319,27.2679,2019-03-23
85.078,27.2297,2019-03-23
85.8823,27.102,2019-03-23
84.8404,27.2573,2019-03-23
85.284,27.1881,2019-03-23
85.0746,27.2116,2019-03-23
85.7562,27.0841,2019-03-23
86.3908,26.9797,2019-03-23
85.635,27.3076,2019-03-23
83.7903,28.1259,2019-03-23
85.1164,27.8884,2019-03-23
84.7039,27.8323,2019-03-23
81.8884,28.1521,2019-03-23
81.8994,28.1507,2019-03-23
84.5185,27.759,2019-03-23
82.3045,27.9573,2019-03-23
87.1734,27.1658,2019-03-23
87.6007,27.0927,2019-03-23
82.8634,27.7608,2019-03-23
85.0247,27.1728,2019-03-23
85.1486,27.1532,2019-03-23
85.3135,27.1176,2019-03-23
86.5552,26.9125,2019-03-23
86.6145,26.9023,2019-03-23
85.699,27.0486,2019-03-23
86.5608,26.9083,2019-03-23
86.6082,26.9005,2019-03-23
86.6205,26.8984,2019-03-23
86.3974,26.9254,2019-03-23
87.5131,26.7267,2019-03-23
85.0584,27.103,2019-03-23
86.9684,26.769,2019-03-23
86.9806,26.7669,2019-03-23
85.3781,26.8769,2019-03-23
84.8727,27.2059,2019-03-23
84.9631,27.1825,2019-03-23
87.6074,27.1376,2019-03-23
87.6097,27.1318,2019-03-23
87.6397,27.145,2019-03-23
87.6021,27.1191,2019-03-23
87.6391,27.1276,2019-03-23
87.6426,27.1392,2019-03-23
86.6155,26.8297,2019-03-23
86.6873,26.7279,2019-03-23
86.7885,26.7887,2019-03-23
86.775,26.7864,2019-03-23
82.718,27.7392,2019-03-23
84.8524,27.2787,2019-03-24
84.859,27.2782,2019-03-24
80.2011,28.9167,2019-03-24
80.1807,28.9207,2019-03-24
87.9641,26.4816,2019-03-24
86.925,26.5598,2019-03-24
87.4803,26.6693,2019-03-24
87.7792,26.7309,2019-03-24
87.4615,26.6849,2019-03-24
87.2643,26.7762,2019-03-24
86.7411,26.6981,2019-03-24
86.9701,26.751,2019-03-24
86.7747,26.7402,2019-03-24
86.6306,26.7278,2019-03-24
86.7,26.8299,2019-03-24
87.3143,26.9404,2019-03-24
87.7223,27.0544,2019-03-24
86.5969,26.8979,2019-03-24
86.7574,27.0137,2019-03-24
86.2403,26.972,2019-03-24
86.3617,27.0095,2019-03-24
86.2004,27.0389,2019-03-24
86.0393,27.0326,2019-03-24
86.0288,27.0309,2019-03-24
86.0129,27.0567,2019-03-24
85.7542,27.0257,2019-03-24
85.9633,27.0868,2019-03-24
85.6945,27.0449,2019-03-24
85.9429,27.1009,2019-03-24
85.9112,27.0959,2019-03-24
85.9378,27.1285,2019-03-24
84.8467,27.0027,2019-03-24
84.8409,27.0042,2019-03-24
85.3982,27.1058,2019-03-24
84.8389,27.0138,2019-03-24
85.3033,27.1195,2019-03-24
85.0957,27.1054,2019-03-24
85.262,27.1517,2019-03-24
85.2826,27.1647,2019-03-24
85.2843,27.1803,2019-03-24
85.6574,27.25,2019-03-24
85.0898,27.2171,2019-03-24
85.0784,27.2152,2019-03-24
85.082,27.2294,2019-03-24
84.9652,27.2199,2019-03-24
84.9032,27.2294,2019-03-24
84.8915,27.2275,2019-03-24
84.9208,27.2619,2019-03-24
85.6372,27.3863,2019-03-24
85.6265,27.3847,2019-03-24
84.9189,27.2715,2019-03-24
84.8565,27.2811,2019-03-24
84.8447,27.2792,2019-03-24
84.7858,27.2696,2019-03-24
84.8492,27.2838,2019-03-24
84.8002,27.2856,2019-03-24
84.7884,27.2836,2019-03-24
84.7982,27.2952,2019-03-24
84.7471,27.3066,2019-03-24
84.8042,27.326,2019-03-24
84.8964,27.3509,2019-03-24
84.7273,27.3432,2019-03-24
84.7154,27.3412,2019-03-24
85.4632,27.9134,2019-03-24
85.4512,27.9115,2019-03-24
84.6572,27.9491,2019-03-24
84.302,27.9204,2019-03-24
84.1201,28.0651,2019-03-24
84.107,28.0629,2019-03-24
84.3346,28.1638,2019-03-24
81.4737,28.1156,2019-03-24
81.4558,28.1122,2019-03-24
82.7137,27.7293,2019-03-24
83.976,27.6272,2019-03-24
85.5723,27.304,2019-03-24
83.9838,27.6245,2019-03-24
86.7472,26.9918,2019-03-24
85.8433,27.2288,2019-03-25
84.8731,27.3418,2019-03-25
84.7946,27.3425,2019-03-25
84.8056,27.3411,2019-03-25
84.7986,27.3359,2019-03-25
84.8096,27.3345,2019-03-25
84.8644,27.3271,2019-03-25
84.6536,27.3457,2019-03-25
84.8847,27.3149,2019-03-25
85.7724,27.1559,2019-03-25
84.9094,27.2641,2019-03-25
85.0174,27.2497,2019-03-25
86.2063,27.0853,2019-03-25
84.9712,27.2369,2019-03-25
85.8831,27.1311,2019-03-25
87.5755,27.1131,2019-03-25
87.5857,27.1115,2019-03-25
82.8571,27.7452,2019-03-25
85.2945,27.3962,2019-03-25
84.9189,27.2279,2019-03-25
84.9714,27.2113,2019-03-25
87.9631,26.7766,2019-03-25
86.4071,26.9827,2019-03-25
86.417,26.9813,2019-03-25
85.9522,27.0294,2019-03-25
87.2733,26.7806,2019-03-25
87.4822,26.6659,2019-03-25
86.7935,26.7601,2019-03-25
86.7787,26.7348,2019-03-25
84.1356,27.739,2019-03-25
84.9807,27.2189,2019-03-25
84.9,27.2397,2019-03-25
84.7979,27.3419,2019-03-25
84.156,27.7409,2019-03-25
84.1528,27.737,2019-03-25
82.7193,27.6147,2019-03-25
82.5222,28.2559,2019-03-25
80.1619,28.911,2019-03-25
86.6109,26.8589,2019-03-25
80.2091,28.887,2019-03-26
80.1677,28.8839,2019-03-26
80.1613,28.9161,2019-03-26
80.196,28.8893,2019-03-26
80.1553,28.911,2019-03-26
80.1643,28.8804,2019-03-26
80.2294,28.8222,2019-03-26
80.2191,28.8327,2019-03-26
80.2146,28.8479,2019-03-26
80.167,28.886,2019-03-26
80.992,28.8373,2019-03-27
80.1513,28.8981,2019-03-27
80.1411,28.8967,2019-03-27
80.1567,28.9264,2019-03-27
80.155,28.9353,2019-03-27
80.1448,28.9339,2019-03-27
84.8318,27.3403,2019-03-28
87.8411,27.53,2019-03-28
82.001,28.0928,2019-03-28
84.8367,27.3371,2019-03-28
87.8298,27.5263,2019-03-28
84.9951,27.2463,2019-03-28
84.9933,27.2553,2019-03-28
84.8239,27.3312,2019-03-28
85.7114,27.0122,2019-03-29
85.3083,27.077,2019-03-29
80.2475,28.7827,2019-03-30
82.0001,28.0724,2019-03-30
84.9739,27.1764,2019-03-31
84.83,27.3112,2019-03-31
85.2256,27.9059,2019-03-31
85.2154,27.9044,2019-03-31
81.2051,28.6013,2019-03-31
80.4572,28.777,2019-03-31
80.4411,28.774,2019-03-31
80.1212,29.0277,2019-03-31
80.7938,30.0867,2019-04-01
82.2782,27.9804,2019-04-01
82.0971,27.9624,2019-04-01
83.9929,27.597,2019-04-01
85.3777,27.2991,2019-04-01
83.8367,27.5092,2019-04-01
82.0117,28.0912,2019-04-01
82.1047,27.9588,2019-04-01
80.4406,28.8021,2019-04-02
80.4239,28.8053,2019-04-02
84.7465,27.5312,2019-04-02
86.0888,27.4431,2019-04-02
82.0024,28.0851,2019-04-02
87.1997,26.4397,2019-04-02
87.1888,26.438,2019-04-02
85.3006,27.1256,2019-04-02
86.0996,27.4449,2019-04-02
81.4586,28.3872,2019-04-02
85.625,27.1355,2019-04-02
82.0261,28.0798,2019-04-02
82.0159,28.0784,2019-04-02
81.4704,28.3797,2019-04-02
81.4687,28.3886,2019-04-02
81.1684,28.6772,2019-04-02
85.1279,27.9166,2019-04-03
84.5492,27.8023,2019-04-03
85.0623,28.1888,2019-04-03
81.475,28.3854,2019-04-03
81.8565,27.974,2019-04-03
82.0111,28.0722,2019-04-03
80.3401,28.7432,2019-04-03
80.3323,28.7562,2019-04-03
85.5674,26.8619,2019-04-03
81.485,28.3875,2019-04-04
81.359,28.3169,2019-04-04
85.5279,27.261,2019-04-04
83.9221,27.4933,2019-04-04
85.5132,27.2532,2019-04-05
80.162,28.865,2019-04-05
80.1517,28.8635,2019-04-05
80.1602,28.874,2019-04-05
81.8213,27.9344,2019-04-05
81.3846,28.3429,2019-04-05
82.7078,28.7083,2019-04-05
80.1499,28.8725,2019-04-05
81.2551,28.5545,2019-04-05
85.4322,26.9061,2019-04-08
82.1452,28.0096,2019-04-09
81.9184,27.9541,2019-04-11
85.0268,27.8535,2019-04-11
81.3962,28.3606,2019-04-12
80.4431,28.804,2019-04-12
81.3855,28.3592,2019-04-12
81.5718,28.5311,2019-04-12
83.679,27.4556,2019-04-14
83.0323,27.6784,2019-04-14
83.0321,27.6234,2019-04-14
83.9914,27.6,2019-04-14
84.878,27.1379,2019-04-14
84.0018,27.6013,2019-04-14
80.3105,28.7768,2019-04-14
82.5406,27.9017,2019-04-14
82.6394,27.9252,2019-04-14
82.4503,27.9629,2019-04-14
81.8901,27.8893,2019-04-14
82.0787,28.0465,2019-04-14
82.0885,28.1857,2019-04-14
82.0783,28.1842,2019-04-14
81.6958,28.432,2019-04-14
81.4251,28.3912,2019-04-14
81.4146,28.3896,2019-04-14
81.4006,28.4325,2019-04-14
81.0144,28.4751,2019-04-14
80.8951,28.7787,2019-04-14
80.3218,28.7786,2019-04-14
80.5324,29.0454,2019-04-14
80.5307,29.0547,2019-04-14
83.7407,27.4531,2019-04-15
87.1851,26.4517,2019-04-16
83.0191,27.494,2019-04-18
81.8551,28.1842,2019-04-18
84.8658,27.1608,2019-04-18
83.0131,27.7359,2019-04-18
83.0048,27.7421,2019-04-18
82.7396,27.7153,2019-04-18
87.3325,27.1906,2019-04-18
85.313,27.1289,2019-04-18
84.8734,27.156,2019-04-18
83.6549,27.4367,2019-04-18
81.8743,28.2113,2019-04-18
83.3149,27.3926,2019-04-18
81.8651,28.1822,2019-04-18
81.855,28.1808,2019-04-18
81.869,28.1777,2019-04-19
82.9608,27.7327,2019-04-19
87.2297,26.466,2019-04-19
80.8417,28.6711,2019-04-19
84.8677,27.3565,2019-04-19
83.4951,27.5478,2019-04-19
83.8926,27.6115,2019-04-19
83.2184,27.6333,2019-04-19
83.2029,27.6316,2019-04-19
82.5385,27.9072,2019-04-19
82.5457,27.9144,2019-04-19
81.9686,28.0532,2019-04-19
81.4813,28.1172,2019-04-19
81.4687,28.1157,2019-04-19
81.8512,28.1715,2019-04-19
81.7848,28.2147,2019-04-19
81.8066,28.2378,2019-04-19
81.7944,28.2364,2019-04-19
81.7815,28.2349,2019-04-19
81.3361,28.4859,2019-04-19
81.3345,28.4958,2019-04-19
80.8762,28.5315,2019-04-19
80.8551,28.6629,2019-04-19
80.8432,28.6615,2019-04-19
80.7134,28.6455,2019-04-19
80.6706,28.8332,2019-04-19
82.1689,28.0119,2019-04-19
82.7636,27.7208,2019-04-19
82.1563,28.0134,2019-04-19
83.3027,27.4922,2019-04-19
81.878,28.1786,2019-04-19
82.0479,28.0569,2019-04-19
81.8808,28.1885,2019-04-19
82.6315,27.7085,2019-04-19
81.8159,28.2474,2019-04-19
81.9849,28.0606,2019-04-20
81.9987,28.0581,2019-04-20
81.9827,28.0503,2019-04-20
82.5389,27.9374,2019-04-20
82.5324,27.9349,2019-04-20
81.9842,27.9181,2019-04-20
82.9516,27.7432,2019-04-20
82.9305,27.7241,2019-04-20
82.6999,27.7215,2019-04-20
82.6938,27.7202,2019-04-20
83.1958,27.524,2019-04-20
83.2917,27.4824,2019-04-20
83.3087,27.4792,2019-04-20
83.1993,27.4644,2019-04-20
83.216,27.4612,2019-04-20
83.2851,27.4026,2019-04-20
83.1195,27.4452,2019-04-20
80.6769,28.8452,2019-04-20
80.4724,28.7235,2019-04-20
81.3368,28.505,2019-04-20
81.3493,28.5028,2019-04-20
81.6858,28.3625,2019-04-20
81.8452,28.1678,2019-04-20
81.9736,28.0734,2019-04-20
81.9872,28.0709,2019-04-20
81.4014,28.1643,2019-04-20
85.3042,27.1096,2019-04-20
81.3467,28.3827,2019-04-20
86.0702,27.2442,2019-04-20
83.2799,27.3804,2019-04-20
81.298,28.6167,2019-04-20
83.9045,27.6218,2019-04-20
83.2622,27.5716,2019-04-20
84.9036,27.8668,2019-04-20
83.4833,27.7159,2019-04-20
83.3008,27.7527,2019-04-20
82.7358,27.7298,2019-04-20
82.7226,27.8768,2019-04-20
82.5808,27.8903,2019-04-20
82.5356,27.9497,2019-04-20
82.1564,28.017,2019-04-20
82.0601,28.0649,2019-04-20
82.037,28.0611,2019-04-20
82.0588,28.0744,2019-04-20
81.8885,28.1879,2019-04-20
81.863,28.2275,2019-04-20
81.7212,28.2968,2019-04-20
81.7093,28.2948,2019-04-20
81.3597,28.5017,2019-04-20
81.3658,28.5054,2019-04-20
81.9481,27.919,2019-04-21
82.622,27.7016,2019-04-21
82.8861,27.7131,2019-04-21
82.8756,27.7117,2019-04-21
84.8542,27.103,2019-04-21
83.662,27.4461,2019-04-21
83.6574,27.4742,2019-04-21
83.2102,27.4166,2019-04-21
84.4658,27.5948,2019-04-21
83.5949,27.5395,2019-04-21
84.0814,27.6101,2019-04-21
83.2748,27.5174,2019-04-21
83.5005,27.5656,2019-04-21
83.9017,27.6266,2019-04-21
83.0587,27.5333,2019-04-21
83.2606,27.5688,2019-04-21
83.6653,27.6298,2019-04-21
83.5164,27.6396,2019-04-21
83.5259,27.6504,2019-04-21
83.5149,27.649,2019-04-21
83.5038,27.6476,2019-04-21
82.7294,27.5738,2019-04-21
82.719,27.5724,2019-04-21
83.0872,27.6483,2019-04-21
83.075,27.6561,2019-04-21
83.0643,27.6547,2019-04-21
82.9444,27.6577,2019-04-21
83.3937,27.7258,2019-04-21
82.9429,27.6668,2019-04-21
82.8796,27.6585,2019-04-21
82.9276,27.6929,2019-04-21
82.9845,27.7072,2019-04-21
83.1646,27.74,2019-04-21
82.7302,27.6832,2019-04-21
81.3548,28.4782,2019-04-21
82.6942,27.7063,2019-04-21
82.6838,27.7049,2019-04-21
82.8268,27.7426,2019-04-21
82.2549,27.7939,2019-04-21
82.6215,27.871,2019-04-21
82.2246,27.8451,2019-04-21
82.0074,27.917,2019-04-21
81.9449,27.9175,2019-04-21
81.7815,27.9038,2019-04-21
81.8724,27.9437,2019-04-21
82.0646,28.0536,2019-04-21
82.0409,28.0687,2019-04-21
81.9784,28.0693,2019-04-21
81.84,28.114,2019-04-21
81.8299,28.1126,2019-04-21
81.8998,28.2058,2019-04-21
81.9051,28.234,2019-04-21
81.7771,28.253,2019-04-21
81.7569,28.2502,2019-04-21
81.7213,28.2999,2019-04-21
81.7112,28.2985,2019-04-21
81.3817,28.3631,2019-04-21
81.38,28.372,2019-04-21
81.3634,28.508,2019-04-21
81.2709,28.504,2019-04-21
81.5726,28.5557,2019-04-21
80.8848,28.5399,2019-04-21
80.8544,28.5355,2019-04-21
81.2876,28.607,2019-04-21
80.8831,28.5489,2019-04-21
80.8814,28.5578,2019-04-21
80.8713,28.5563,2019-04-21
81.1884,28.6581,2019-04-21
80.8495,28.6367,2019-04-21
80.8191,28.6323,2019-04-21
80.7278,28.674,2019-04-21
80.6307,28.7147,2019-04-21
80.4914,28.731,2019-04-21
80.4812,28.7295,2019-04-21
80.4832,28.7397,2019-04-21
80.473,28.7382,2019-04-21
80.4591,28.8098,2019-04-21
80.4489,28.8083,2019-04-21
81.983,28.1012,2019-04-21
81.9588,28.0991,2019-04-21
81.9759,28.1054,2019-04-21
81.983,28.1103,2019-04-21
80.4448,28.8192,2019-04-22
80.455,28.8178,2019-04-22
81.1959,28.6641,2019-04-22
82.5174,27.9333,2019-04-22
80.6121,29.1363,2019-04-22
80.6104,29.1274,2019-04-22
80.4815,28.9523,2019-04-22
80.676,28.8508,2019-04-22
82.5749,27.8957,2019-04-22
82.568,27.8894,2019-04-22
82.6407,27.7853,2019-04-22
82.6513,27.7836,2019-04-22
82.5797,27.7572,2019-04-22
82.734,27.6943,2019-04-22
83.1144,27.5877,2019-04-22
84.8438,27.1794,2019-04-22
84.8576,27.177,2019-04-22
80.4679,28.7514,2019-04-22
80.4781,28.75,2019-04-22
80.4883,28.7485,2019-04-22
80.4663,28.7425,2019-04-22
80.4765,28.741,2019-04-22
80.4717,28.7142,2019-04-22
81.2797,28.5128,2019-04-22
80.9251,28.5562,2019-04-22
80.8916,28.5428,2019-04-22
81.3453,28.4755,2019-04-22
81.3554,28.474,2019-04-22
81.3654,28.4725,2019-04-22
80.89,28.5339,2019-04-22
81.3893,28.4133,2019-04-22
81.8693,28.3033,2019-04-22
81.6245,28.313,2019-04-22
81.3599,28.3438,2019-04-22
81.7261,28.2422,2019-04-22
81.8175,28.2281,2019-04-22
81.8564,28.2129,2019-04-22
81.903,28.1596,2019-04-22
81.9132,28.158,2019-04-22
81.8435,28.1225,2019-04-22
81.8537,28.121,2019-04-22
81.852,28.112,2019-04-22
81.4148,28.1509,2019-04-22
82.2076,28.0105,2019-04-22
82.6162,27.9363,2019-04-22
82.6268,27.9346,2019-04-22
81.8866,28.1415,2019-04-22
81.9821,28.0935,2019-04-22
81.9758,28.091,2019-04-22
81.9094,28.1494,2019-04-22
81.9115,28.1954,2019-04-22
81.6418,28.4561,2019-04-22
80.4957,28.961,2019-04-22
81.9829,28.0978,2019-04-22
81.9812,28.0873,2019-04-22
81.3613,28.4627,2019-04-23
85.35,26.8634,2019-04-23
83.0231,27.6009,2019-04-23
83.0126,27.5992,2019-04-23
83.0455,27.6512,2019-04-23
82.91,27.547,2019-04-23
82.6578,27.8677,2019-04-23
81.8739,27.9821,2019-04-23
81.8323,28.0966,2019-04-23
81.4957,28.3495,2019-04-23
81.4838,28.3475,2019-04-23
81.4899,28.3513,2019-04-23
81.4781,28.3493,2019-04-23
81.474,28.3685,2019-04-23
81.3609,28.3796,2019-04-23
81.3906,28.4143,2019-04-23
81.3574,28.4222,2019-04-23
81.6734,28.4847,2019-04-23
81.243,28.433,2019-04-23
80.4494,28.7604,2019-04-23
80.7242,28.5715,2019-04-23
80.4648,28.7527,2019-04-23
80.4602,28.7728,2019-04-23
80.4381,28.8107,2019-04-23
80.449,28.823,2019-04-23
80.4429,28.8213,2019-04-23
81.928,28.165,2019-04-23
80.4638,28.7654,2019-04-24
80.7391,28.6709,2019-04-24
81.3024,28.3369,2019-04-24
81.8244,28.0042,2019-04-24
85.212,27.3942,2019-04-24
84.6188,27.3299,2019-04-24
84.6289,27.3283,2019-04-24
83.0144,27.4835,2019-04-24
83.0245,27.482,2019-04-24
85.0367,27.1081,2019-04-24
84.9571,27.056,2019-04-24
84.9554,27.0469,2019-04-24
82.9331,27.4949,2019-04-24
80.4542,28.764,2019-04-24
80.4491,28.7627,2019-04-24
83.1729,27.4494,2019-04-24
81.9458,28.179,2019-04-24
81.6444,28.3265,2019-04-24
81.6547,28.3249,2019-04-24
81.9134,28.1748,2019-04-24
81.9233,28.1452,2019-04-24
81.9131,28.1468,2019-04-24
81.9114,28.1378,2019-04-24
81.9216,28.1362,2019-04-24
82.0379,28.081,2019-04-24
83.0893,27.4601,2019-04-24
81.5101,28.3628,2019-04-25
81.5065,28.3706,2019-04-25
83.2732,27.4507,2019-04-25
83.1364,27.4896,2019-04-25
83.0911,27.4543,2019-04-25
83.0834,27.4581,2019-04-25
83.1388,27.479,2019-04-25
83.1244,27.4765,2019-04-25
83.122,27.487,2019-04-25
82.8548,27.8322,2019-04-25
82.0326,28.0993,2019-04-25
81.9171,28.1246,2019-04-25
81.6338,28.5127,2019-04-25
87.6665,27.4118,2019-04-25
84.8146,27.1392,2019-04-25
84.6819,27.1273,2019-04-25
84.7948,27.1758,2019-04-25
84.7829,27.1739,2019-04-25
87.407,27.6058,2019-04-25
84.6633,27.5142,2019-04-25
84.6514,27.5122,2019-04-25
84.3726,27.4662,2019-04-25
84.6638,27.5374,2019-04-25
83.223,27.4008,2019-04-25
83.2727,27.4423,2019-04-25
83.2409,27.3951,2019-04-25
83.0948,27.4477,2019-04-25
83.0826,27.4462,2019-04-25
83.0883,27.4485,2019-04-25
82.8977,27.4852,2019-04-25
82.6133,27.7151,2019-04-25
81.9056,28.1382,2019-04-25
81.5854,28.3093,2019-04-25
81.512,28.3728,2019-04-25
81.5103,28.382,2019-04-25
83.1714,27.437,2019-04-25
82.0284,28.0992,2019-04-26
81.5969,28.3175,2019-04-26
83.343,27.4262,2019-04-26
83.1448,27.5722,2019-04-26
83.1581,27.5707,2019-04-26
83.4892,27.49,2019-04-26
83.4826,27.4908,2019-04-26
83.4953,27.4892,2019-04-26
80.8683,28.5458,2019-04-26
80.8607,28.5985,2019-04-26
80.8464,28.5969,2019-04-26
80.4558,28.8046,2019-04-26
80.3434,29.0058,2019-04-26
83.2342,27.5211,2019-04-26
83.2266,27.5251,2019-04-26
81.8858,27.9364,2019-04-26
81.7447,28.2391,2019-04-26
81.736,28.4203,2019-04-26
80.9261,28.5521,2019-04-26
81.9286,28.1154,2019-04-26
82.4367,27.9739,2019-04-26
81.8078,28.0292,2019-04-26
81.8187,28.0278,2019-04-26
81.8223,28.0218,2019-04-26
81.6181,28.3583,2019-04-26
81.8693,28.2523,2019-04-26
81.9176,28.1168,2019-04-26
83.093,27.9482,2019-04-26
80.7319,28.664,2019-04-27
80.7155,28.6562,2019-04-27
81.9027,28.1332,2019-04-27
81.911,27.9675,2019-04-27
81.9226,27.9675,2019-04-27
81.9266,27.9073,2019-04-27
80.5543,29.0277,2019-04-27
80.3304,28.9743,2019-04-27
81.1521,28.6909,2019-04-27
80.4929,28.7893,2019-04-27
80.469,28.7751,2019-04-27
80.4484,28.7469,2019-04-27
82.68,27.8667,2019-04-27
81.9209,27.9086,2019-04-27
81.961,28.1518,2019-04-27
81.6599,28.5192,2019-04-27
81.6325,28.5134,2019-04-27
80.7139,28.6579,2019-04-27
81.5815,28.3488,2019-04-27
81.5059,28.3465,2019-04-27
81.5363,28.3605,2019-04-27
81.5256,28.3588,2019-04-27
81.5553,28.3727,2019-04-27
81.5448,28.3711,2019-04-27
81.524,28.3679,2019-04-27
81.5432,28.3801,2019-04-27
81.5412,28.3892,2019-04-27
81.5308,28.3876,2019-04-27
81.7594,28.4403,2019-04-27
81.6207,28.4471,2019-04-27
81.3913,28.4587,2019-04-27
81.6619,28.527,2019-04-27
81.5568,28.5941,2019-04-27
81.4804,28.6569,2019-04-27
81.3294,28.6795,2019-04-27
81.3187,28.6778,2019-04-27
81.292,28.7018,2019-04-27
81.6358,28.4215,2019-04-27
83.5496,27.474,2019-04-27
83.1006,27.5583,2019-04-27
83.0317,27.6223,2019-04-27
83.0217,27.6208,2019-04-27
82.6644,27.7628,2019-04-27
82.5924,27.7615,2019-04-27
82.5823,27.7601,2019-04-27
82.2499,27.8402,2019-04-27
82.276,27.8903,2019-04-27
82.5551,27.9496,2019-04-27
82.515,27.9437,2019-04-27
82.5049,27.9423,2019-04-27
82.4831,27.9482,2019-04-27
82.4177,27.9662,2019-04-27
82.5591,28.0058,2019-04-27
82.3322,28.0,2019-04-27
82.2291,27.994,2019-04-27
81.8162,28.0337,2019-04-27
81.8059,28.0322,2019-04-27
81.9227,28.1051,2019-04-27
81.9125,28.1035,2019-04-27
81.9108,28.1125,2019-04-27
81.8988,28.12,2019-04-27
81.897,28.129,2019-04-27
81.83,28.1467,2019-04-27
81.4295,28.1408,2019-04-27
81.432,28.2055,2019-04-27
81.4215,28.2039,2019-04-27
81.8971,28.3412,2019-04-27
81.6767,28.3267,2019-04-27
81.6663,28.3251,2019-04-27
81.7009,28.3391,2019-04-27
81.6801,28.3359,2019-04-27
81.6696,28.3343,2019-04-27
81.5968,28.3232,2019-04-27
81.6679,28.3433,2019-04-27
81.9067,28.1198,2019-04-27
83.0215,27.6208,2019-04-28
84.809,27.1755,2019-04-28
83.6237,27.5015,2019-04-28
83.3008,27.5045,2019-04-28
83.2039,27.4313,2019-04-28
83.1914,27.4298,2019-04-28
83.2024,27.4412,2019-04-28
83.1899,27.4397,2019-04-28
81.5416,28.3524,2019-04-28
83.1413,27.5463,2019-04-28
83.1289,27.5448,2019-04-28
83.1026,27.5516,2019-04-28
83.1011,27.5615,2019-04-28
83.1081,27.5626,2019-04-28
83.0236,27.6228,2019-04-28
83.0113,27.6213,2019-04-28
82.5843,27.7616,2019-04-28
82.766,27.7972,2019-04-28
82.2182,27.8078,2019-04-28
82.8049,27.9025,2019-04-28
82.793,27.9011,2019-04-28
82.4946,27.9434,2019-04-28
82.4873,27.9467,2019-04-28
81.9144,27.914,2019-04-28
82.0192,27.9657,2019-04-28
82.008,27.9642,2019-04-28
81.954,27.9813,2019-04-28
82.1944,28.05,2019-04-28
81.9531,28.0578,2019-04-28
81.9456,28.063,2019-04-28
81.917,28.0977,2019-04-28
81.9043,28.1057,2019-04-28
82.2974,28.1649,2019-04-28
81.868,28.1201,2019-04-28
81.9535,28.1406,2019-04-28
82.0991,28.1689,2019-04-28
81.8318,28.1345,2019-04-28
81.8476,28.1417,2019-04-28
81.8365,28.1403,2019-04-28
81.835,28.1497,2019-04-28
81.8665,28.1632,2019-04-28
81.8555,28.1618,2019-04-28
81.9931,28.2176,2019-04-28
81.2934,28.1456,2019-04-28
81.4288,28.2089,2019-04-28
81.7282,28.2761,2019-04-28
81.8138,28.3304,2019-04-28
81.6025,28.3225,2019-04-28
81.5203,28.3497,2019-04-28
81.5097,28.3483,2019-04-28
81.5185,28.3589,2019-04-28
81.5396,28.3879,2019-04-28
81.7657,28.4452,2019-04-28
81.1713,28.3681,2019-04-28
81.62,28.436,2019-04-28
81.3768,28.4421,2019-04-28
81.6727,28.4958,2019-04-28
81.6618,28.4944,2019-04-28
81.6685,28.5238,2019-04-28
81.6778,28.5345,2019-04-28
81.6665,28.533,2019-04-28
81.5725,28.5588,2019-04-28
81.5615,28.5835,2019-04-28
81.5354,28.6085,2019-04-28
80.8573,28.5564,2019-04-28
81.4244,28.6381,2019-04-28
81.38,28.6324,2019-04-28
80.8594,28.5736,2019-04-28
80.8489,28.5722,2019-04-28
80.8578,28.5827,2019-04-28
80.8474,28.5813,2019-04-28
81.3651,28.6587,2019-04-28
80.8772,28.5946,2019-04-28
80.8667,28.5932,2019-04-28
81.307,28.6794,2019-04-28
80.829,28.6253,2019-04-28
81.4555,28.7176,2019-04-28
81.3131,28.7084,2019-04-28
81.3023,28.707,2019-04-28
81.1221,28.7008,2019-04-28
80.7015,28.645,2019-04-28
80.4581,28.7311,2019-04-28
80.4343,28.7462,2019-04-28
80.4327,28.7552,2019-04-28
80.4224,28.7538,2019-04-28
80.4197,28.7907,2019-04-28
80.3413,28.9823,2019-04-28
80.5527,29.0387,2019-04-28
80.1004,28.9767,2019-04-28
81.5339,28.3555,2019-04-28
81.53,28.3526,2019-04-28
81.8634,28.1364,2019-04-28
81.3946,28.4495,2019-04-28
81.9234,28.096,2019-04-28
81.5362,28.3542,2019-04-28
81.6674,28.3171,2019-04-28
81.5535,28.3523,2019-04-28
81.8928,28.1687,2019-04-28
81.5701,28.5735,2019-04-29
80.1885,28.7644,2019-04-29
80.1987,28.7628,2019-04-29
81.6626,28.4946,2019-04-29
81.7032,28.4687,2019-04-29
81.6189,28.4284,2019-04-29
81.6296,28.4267,2019-04-29
81.5109,28.3981,2019-04-29
81.6414,28.367,2019-04-29
81.5842,28.3668,2019-04-29
81.8178,28.3281,2019-04-29
81.4552,28.3719,2019-04-29
81.5726,28.3433,2019-04-29
81.8963,28.2808,2019-04-29
81.9726,28.1659,2019-04-29
81.8903,28.1697,2019-04-29
81.8309,28.1601,2019-04-29
81.8422,28.1582,2019-04-29
81.8535,28.1564,2019-04-29
81.8648,28.1545,2019-04-29
81.8874,28.1507,2019-04-29
81.9428,28.1415,2019-04-29
81.8628,28.1451,2019-04-29
81.8742,28.1432,2019-04-29
81.8723,28.1337,2019-04-29
82.0512,28.0938,2019-04-29
81.9166,28.0923,2019-04-29
81.9281,28.0904,2019-04-29
81.9605,27.9926,2019-04-29
83.0604,27.6924,2019-04-29
82.2203,27.8167,2019-04-29
82.2321,27.8147,2019-04-29
82.7169,27.711,2019-04-29
81.8761,28.1526,2019-04-29
80.5743,29.0281,2019-04-29
80.7378,28.9196,2019-04-29
81.307,28.7371,2019-04-29
81.1253,28.7097,2019-04-29
81.1357,28.708,2019-04-29
80.393,28.7883,2019-04-29
80.4033,28.7867,2019-04-29
83.1617,27.4348,2019-04-29
82.1954,27.9318,2019-04-29
82.3381,27.8114,2019-04-29
82.4227,27.9495,2019-04-29
82.1425,27.9629,2019-04-29
82.1325,28.0433,2019-04-29
81.9823,28.1311,2019-04-29
81.969,28.1288,2019-04-29
81.9543,28.1262,2019-04-29
82.0606,28.1552,2019-04-29
81.9534,28.1367,2019-04-29
81.9386,28.1341,2019-04-29
81.9363,28.1443,2019-04-29
81.8281,28.3321,2019-04-29
81.6988,28.3206,2019-04-29
81.5728,28.3373,2019-04-29
81.5276,28.3293,2019-04-29
81.6375,28.3703,2019-04-29
81.6067,28.3757,2019-04-29
81.5925,28.3732,2019-04-29
81.579,28.3709,2019-04-29
81.6196,28.4276,2019-04-29
81.5192,28.4098,2019-04-29
81.5054,28.4074,2019-04-29
81.2986,28.7415,2019-04-29
80.658,28.9265,2019-04-29
81.6171,28.4333,2019-04-29
81.5063,28.4066,2019-04-29
81.6018,28.3774,2019-04-29
81.6337,28.3715,2019-04-29
81.6508,28.3683,2019-04-29
81.7215,28.3201,2019-04-29
81.5733,28.3365,2019-04-29
81.5663,28.3379,2019-04-29
81.7616,28.2905,2019-04-29
81.9494,28.1385,2019-04-29
81.4306,28.154,2019-04-29
84.6598,27.5135,2019-04-30
83.4741,27.5287,2019-04-30
83.3864,27.7188,2019-04-30
84.8421,27.9798,2019-04-30
84.8317,27.9784,2019-04-30
82.7511,27.7761,2019-04-30
82.7411,27.7747,2019-04-30
82.8881,27.9159,2019-04-30
82.8781,27.9145,2019-04-30
82.8061,27.9133,2019-04-30
82.1913,27.8234,2019-04-30
82.2433,27.9044,2019-04-30
82.5529,27.9683,2019-04-30
82.2466,27.9417,2019-04-30
82.152,27.9461,2019-04-30
81.9738,27.9661,2019-04-30
82.1164,28.0428,2019-04-30
82.1149,28.0517,2019-04-30
83.1992,28.263,2019-04-30
83.189,28.2616,2019-04-30
83.1973,28.2719,2019-04-30
81.9509,28.1098,2019-04-30
81.9373,28.1262,2019-04-30
81.927,28.1247,2019-04-30
82.0926,28.1591,2019-04-30
82.0824,28.1576,2019-04-30
81.9292,28.1346,2019-04-30
81.9274,28.1436,2019-04-30
81.9183,28.2708,2019-04-30
81.8347,28.2676,2019-04-30
81.8534,28.2796,2019-04-30
81.6972,28.284,2019-04-30
84.822,27.525,2019-04-30
84.6612,27.5043,2019-04-30
81.3225,28.855,2019-04-30
81.2605,28.7621,2019-04-30
80.5044,28.7182,2019-04-30
80.4933,28.7165,2019-04-30
80.3609,29.017,2019-04-30
80.1914,29.0477,2019-04-30
80.4602,29.1919,2019-04-30
80.4495,29.1902,2019-04-30
80.4529,29.1976,2019-04-30
81.7027,28.3127,2019-04-30
81.7608,28.34,2019-04-30
81.5607,28.3283,2019-04-30
81.5293,28.3236,2019-04-30
81.4487,28.375,2019-04-30
81.4383,28.3734,2019-04-30
81.612,28.4185,2019-04-30
81.7006,28.4784,2019-04-30
81.6989,28.4874,2019-04-30
81.6476,28.4796,2019-04-30
81.013,28.4733,2019-04-30
81.4983,28.6321,2019-04-30
81.3582,28.6852,2019-04-30
81.3477,28.6836,2019-04-30
80.8783,28.6114,2019-04-30
80.8675,28.6097,2019-04-30
80.8825,28.6185,2019-04-30
80.8717,28.6168,2019-04-30
80.8806,28.6277,2019-04-30
80.8698,28.626,2019-04-30
80.8788,28.6369,2019-04-30
81.3125,28.7233,2019-04-30
81.1055,28.7195,2019-04-30
81.2711,28.7637,2019-04-30
81.5563,28.3228,2019-04-30
81.9483,28.1249,2019-04-30
81.9289,28.1231,2019-04-30
82.5284,27.9167,2019-05-01
81.3874,28.7717,2019-05-01
80.4115,28.7727,2019-05-01
81.5571,28.6191,2019-05-01
81.5674,28.6177,2019-05-01
81.5168,28.6066,2019-05-01
81.4634,28.6048,2019-05-01
80.4315,28.7261,2019-05-01
81.3352,28.6042,2019-05-01
80.4299,28.7168,2019-05-01
80.4411,28.7153,2019-05-01
81.3966,28.5864,2019-05-01
81.4783,28.5658,2019-05-01
81.6001,28.5396,2019-05-01
84.7467,28.049,2019-05-01
81.655,28.4674,2019-05-01
81.4056,28.4931,2019-05-01
81.7742,28.4321,2019-05-01
81.5991,28.4476,2019-05-01
81.5343,28.42,2019-05-01
81.668,28.4011,2019-05-01
81.4917,28.4168,2019-05-01
81.7073,28.3034,2019-05-01
81.4904,28.3249,2019-05-01
81.8178,28.2784,2019-05-01
81.7125,28.2751,2019-05-01
81.7228,28.2736,2019-05-01
81.7432,28.2707,2019-05-01
81.2027,28.3186,2019-05-01
81.7673,28.2306,2019-05-01
81.824,28.1763,2019-05-01
81.9374,28.1142,2019-05-01
81.9475,28.1128,2019-05-01
81.9459,28.1039,2019-05-01
82.1083,28.0614,2019-05-01
82.1066,28.0525,2019-05-01
82.1117,28.0243,2019-05-01
82.1218,28.0229,2019-05-01
82.1101,28.0154,2019-05-01
82.5899,27.9357,2019-05-01
82.4263,27.9417,2019-05-01
81.9802,27.9604,2019-05-01
83.8136,27.6831,2019-05-01
82.2397,27.9135,2019-05-01
82.7303,27.6838,2019-05-01
82.7286,27.6748,2019-05-01
83.1636,27.5626,2019-05-01
83.1213,27.5599,2019-05-01
83.1315,27.5584,2019-05-01
83.2444,27.3931,2019-05-01
83.2545,27.3916,2019-05-01
80.8576,28.6885,2019-05-01
81.5398,28.6074,2019-05-01
81.532,28.6049,2019-05-01
80.8685,28.6301,2019-05-01
80.8671,28.6448,2019-05-01
80.8634,28.6298,2019-05-01
80.8619,28.6444,2019-05-01
82.8557,27.8853,2019-05-01
83.0668,27.6341,2019-05-01
82.8076,27.8389,2019-05-01
81.53,28.3177,2019-05-01
80.8316,28.5241,2019-05-01
80.8267,28.5173,2019-05-01
80.8516,28.5225,2019-05-01
81.7124,28.2749,2019-05-01
81.6814,28.3088,2019-05-01
81.6367,28.4939,2019-05-01
80.3577,29.0008,2019-05-01
80.988,28.8938,2019-05-01
80.986,28.8847,2019-05-01
80.9843,28.8757,2019-05-01
80.443,28.9508,2019-05-01
81.0421,28.829,2019-05-01
80.9709,28.7765,2019-05-01
81.0291,28.7391,2019-05-01
81.5449,28.6201,2019-05-01
81.3282,28.6074,2019-05-01
81.3389,28.6057,2019-05-01
81.3909,28.5877,2019-05-01
81.3894,28.5785,2019-05-01
81.4002,28.5767,2019-05-01
81.4123,28.5017,2019-05-01
81.4016,28.4771,2019-05-01
81.4929,28.4242,2019-05-01
81.6239,28.3932,2019-05-01
81.6219,28.3839,2019-05-01
81.692,28.3094,2019-05-01
81.9893,27.9526,2019-05-01
81.9527,27.9489,2019-05-01
82.1585,27.8943,2019-05-01
82.1701,27.8923,2019-05-01
80.4104,28.7748,2019-05-02
80.4373,28.769,2019-05-02
80.8231,28.5775,2019-05-02
80.852,28.5712,2019-05-02
81.6533,28.3937,2019-05-02
80.8163,28.5766,2019-05-02
80.8452,28.5704,2019-05-02
81.2946,28.5389,2019-05-02
84.9922,27.187,2019-05-02
84.8253,27.1709,2019-05-02
84.7027,27.2992,2019-05-02
84.7443,27.3617,2019-05-02
84.5477,27.4044,2019-05-02
84.5371,27.4028,2019-05-02
84.5459,27.4136,2019-05-02
84.5354,27.4119,2019-05-02
84.7114,27.5225,2019-05-02
85.7178,27.6821,2019-05-02
85.2159,27.8842,2019-05-02
83.844,27.6921,2019-05-02
85.0676,27.9179,2019-05-02
85.0571,27.9163,2019-05-02
84.8837,27.9364,2019-05-02
81.9297,27.9811,2019-05-02
81.9409,28.0964,2019-05-02
81.9274,28.0941,2019-05-02
81.9002,28.0893,2019-05-02
81.9387,28.1066,2019-05-02
81.9251,28.1043,2019-05-02
81.8144,28.1889,2019-05-02
81.8007,28.1865,2019-05-02
81.7793,28.2642,2019-05-02
81.6921,28.2993,2019-05-02
81.6777,28.2968,2019-05-02
81.4877,28.2956,2019-05-02
81.5422,28.316,2019-05-02
81.6226,28.3899,2019-05-02
81.5949,28.3851,2019-05-02
81.5924,28.3954,2019-05-02
81.576,28.4033,2019-05-02
81.4337,28.3782,2019-05-02
81.5457,28.4087,2019-05-02
81.5429,28.4191,2019-05-02
81.5294,28.4167,2019-05-02
81.5263,28.427,2019-05-02
81.6423,28.5402,2019-05-02
81.3332,28.502,2019-05-02
81.3454,28.5151,2019-05-02
81.3091,28.5415,2019-05-02
81.0357,28.526,2019-05-02
81.5163,28.6606,2019-05-02
81.3551,28.6915,2019-05-02
80.8913,28.6182,2019-05-02
80.4493,28.6059,2019-05-02
80.4411,28.7321,2019-05-02
80.9826,28.8872,2019-05-02
80.8745,28.868,2019-05-02
80.8813,28.8731,2019-05-02
80.7707,28.9539,2019-05-02
80.2765,28.9807,2019-05-02
80.2599,28.9776,2019-05-02
81.6777,28.2941,2019-05-02
80.798,28.5137,2019-05-02
81.2962,28.5341,2019-05-02
81.3021,28.5334,2019-05-02
81.4395,28.5299,2019-05-02
81.5761,28.4446,2019-05-02
81.588,28.446,2019-05-02
81.5381,28.3183,2019-05-02
81.8217,28.1181,2019-05-02
81.8202,28.1281,2019-05-02
81.7351,28.2601,2019-05-02
81.7223,28.2586,2019-05-02
81.7095,28.2571,2019-05-02
81.7079,28.2671,2019-05-02
81.6952,28.2656,2019-05-02
81.6902,28.2956,2019-05-02
81.5523,28.3099,2019-05-02
81.2794,28.8367,2019-05-02
81.2586,28.7726,2019-05-02
82.2329,27.9731,2019-05-02
81.4609,28.7358,2019-05-02
81.509,28.6605,2019-05-02
80.8317,28.5276,2019-05-02
80.9851,28.9029,2019-05-02
80.5534,28.9417,2019-05-02
80.9733,28.9014,2019-05-02
80.3062,28.8555,2019-05-02
80.852,28.5232,2019-05-04
80.8672,28.5081,2019-05-04
80.87,28.5197,2019-05-04
80.4038,28.7952,2019-05-04
80.8432,28.5056,2019-05-04
80.4242,29.0971,2019-05-04
80.4344,29.0986,2019-05-04
80.4259,29.0882,2019-05-04
80.4953,28.9787,2019-05-04
80.4963,28.9509,2019-05-04
82.1377,28.2265,2019-05-04
80.2482,29.1541,2019-05-04
81.7833,28.2225,2019-05-05
81.502,28.4696,2019-05-05
81.4962,28.4709,2019-05-05
81.7997,28.1826,2019-05-05
83.8027,27.6211,2019-05-05
80.8374,29.3104,2019-05-05
80.8495,29.3119,2019-05-05
80.2391,29.1449,2019-05-05
80.4159,29.0952,2019-05-05
80.427,29.0966,2019-05-05
80.2004,29.0586,2019-05-05
80.2686,29.0672,2019-05-05
80.6152,29.0907,2019-05-05
80.2513,29.0111,2019-05-05
80.2628,29.0125,2019-05-05
80.5022,29.033,2019-05-05
80.5038,29.0235,2019-05-05
80.5155,29.025,2019-05-05
81.4894,28.4628,2019-05-05
82.8723,27.8608,2019-05-05
82.3233,27.9492,2019-05-05
82.1395,28.0204,2019-05-05
82.0942,28.0465,2019-05-05
81.934,28.0873,2019-05-05
82.057,28.2041,2019-05-05
80.6658,28.943,2019-05-05
80.8912,28.6142,2019-05-05
81.3796,28.6732,2019-05-05
81.5066,28.6781,2019-05-05
80.7791,28.5612,2019-05-05
80.9155,28.4635,2019-05-05
80.9274,28.465,2019-05-05
81.7794,28.182,2019-05-05
81.8298,28.1983,2019-05-05
81.7248,28.2458,2019-05-05
81.4877,28.4727,2019-05-05
82.0986,28.0633,2019-05-05
80.5306,29.0384,2019-05-05
82.889,28.0143,2019-05-05
82.0909,28.2158,2019-05-05
82.1911,27.9292,2019-05-05
80.4292,29.1057,2019-05-05
80.2527,29.0112,2019-05-05
80.8345,29.3103,2019-05-06
80.8465,29.3083,2019-05-06
80.614,29.1087,2019-05-06
80.6261,29.1067,2019-05-06
80.61,29.0898,2019-05-06
80.4282,29.1105,2019-05-06
80.4398,29.1085,2019-05-06
80.7237,29.061,2019-05-06
80.7225,29.0513,2019-05-06
80.5088,29.0238,2019-05-06
80.2659,29.0254,2019-05-06
80.2886,29.0216,2019-05-06
80.2701,29.0188,2019-05-06
80.5018,28.9615,2019-05-06
80.513,28.9597,2019-05-06
80.5704,28.9502,2019-05-06
80.966,28.8842,2019-05-06
81.461,28.7282,2019-05-06
81.4681,28.7267,2019-05-06
80.5957,28.8633,2019-05-06
80.3921,28.8483,2019-05-06
80.3112,28.852,2019-05-06
81.4655,28.6243,2019-05-06
80.3053,28.7991,2019-05-06
80.3165,28.7973,2019-05-06
80.8577,28.6974,2019-05-06
80.5401,28.7408,2019-05-06
80.7004,28.7041,2019-05-06
80.6984,28.6946,2019-05-06
80.7101,28.6926,2019-05-06
81.7325,28.2581,2019-05-06
81.7458,28.2557,2019-05-06
82.0683,28.1876,2019-05-06
82.8853,28.0153,2019-05-06
82.8946,28.012,2019-05-06
82.0984,28.1002,2019-05-06
82.0916,28.069,2019-05-06
82.1052,28.0666,2019-05-06
81.9403,28.0857,2019-05-06
81.9354,28.0899,2019-05-06
82.1838,27.9319,2019-05-06
82.1808,27.9215,2019-05-06
82.2829,27.8483,2019-05-06
82.298,27.8455,2019-05-06
82.4284,27.8105,2019-05-06
82.2909,27.8419,2019-05-06
82.4219,27.8075,2019-05-06
82.1747,27.9227,2019-05-06
82.1727,27.9179,2019-05-06
82.0765,28.1929,2019-05-06
80.9396,28.4936,2019-05-06
80.9979,28.576,2019-05-06
80.6972,28.6937,2019-05-06
80.6924,28.6978,2019-05-06
86.6539,27.2373,2019-05-06
82.8981,28.0149,2019-05-06
82.1669,27.9191,2019-05-06
82.1757,27.9302,2019-05-06
82.1647,27.9284,2019-05-06
82.8897,28.0605,2019-05-06
82.879,28.0589,2019-05-06
82.8819,28.0674,2019-05-06
82.871,28.0657,2019-05-06
82.0896,28.0723,2019-05-06
82.0224,28.1929,2019-05-06
82.0207,28.2023,2019-05-06
81.7648,28.2047,2019-05-06
81.9481,28.3271,2019-05-06
81.6798,28.2933,2019-05-06
82.0921,28.3695,2019-05-06
81.8136,28.3541,2019-05-06
81.8069,28.3576,2019-05-06
82.21,28.5157,2019-05-06
82.252,28.6625,2019-05-06
81.4813,28.5382,2019-05-06
81.4635,28.6279,2019-05-06
81.4521,28.626,2019-05-06
81.3764,28.7259,2019-05-06
80.8975,28.6466,2019-05-06
81.3043,28.7967,2019-05-06
81.1337,28.8108,2019-05-06
80.8855,28.8297,2019-05-06
80.9714,28.8962,2019-05-06
80.9598,28.8943,2019-05-06
81.0156,29.099,2019-05-06
80.6047,29.0809,2019-05-06
80.2231,29.0351,2019-05-06
80.4141,29.1101,2019-05-06
80.2465,29.1425,2019-05-06
80.2336,29.1403,2019-05-06
80.8415,29.3056,2019-05-06
80.833,29.3258,2019-05-06
80.8202,29.3236,2019-05-06
81.8178,28.3594,2019-05-06
82.8811,27.8276,2019-05-06
82.7942,27.8236,2019-05-06
82.9272,27.8723,2019-05-06
82.4232,27.8101,2019-05-06
82.9256,27.8988,2019-05-06
82.7352,27.869,2019-05-06
82.8999,28.0058,2019-05-06
82.9083,28.0165,2019-05-06
80.8312,29.3314,2019-05-06
81.4967,28.5373,2019-05-06
80.7181,29.0676,2019-05-07
85.8412,27.3922,2019-05-07
85.8361,27.3959,2019-05-07
82.3089,28.007,2019-05-07
82.0899,28.0315,2019-05-07
82.1001,28.0329,2019-05-07
82.1102,28.0343,2019-05-07
82.2987,28.0056,2019-05-07
86.6565,27.2356,2019-05-07
86.6413,27.234,2019-05-07
85.9803,27.4668,2019-05-07
83.1149,27.4902,2019-05-07
83.1483,27.5118,2019-05-07
84.7142,27.9183,2019-05-07
82.7183,27.6855,2019-05-07
82.7817,27.7758,2019-05-07
82.6655,27.7696,2019-05-07
82.8296,27.8102,2019-05-07
82.8193,27.8088,2019-05-07
82.9123,27.8305,2019-05-07
82.9019,27.8292,2019-05-07
82.3415,27.7722,2019-05-07
82.431,27.8028,2019-05-07
82.4294,27.8118,2019-05-07
82.4191,27.8104,2019-05-07
82.4088,27.809,2019-05-07
82.7796,27.8773,2019-05-07
82.7372,27.8717,2019-05-07
82.8737,27.9249,2019-05-07
82.7875,27.923,2019-05-07
82.777,27.9216,2019-05-07
82.6461,27.9322,2019-05-07
82.6135,27.9371,2019-05-07
82.6034,27.9358,2019-05-07
83.1836,28.0217,2019-05-07
82.2086,27.9007,2019-05-07
82.1576,27.8937,2019-05-07
82.5983,27.9629,2019-05-07
82.1667,27.9231,2019-05-07
80.2288,29.2111,2019-05-07
82.0913,28.0777,2019-05-07
82.0812,28.0763,2019-05-07
82.0975,28.1251,2019-05-07
82.0078,28.1588,2019-05-07
81.8356,28.1349,2019-05-07
81.8254,28.1335,2019-05-07
81.9695,28.2265,2019-05-07
81.7549,28.2058,2019-05-07
81.8241,28.2247,2019-05-07
81.7415,28.2223,2019-05-07
81.3982,28.1739,2019-05-07
81.9667,28.2635,2019-05-07
81.7231,28.2299,2019-05-07
81.7688,28.2637,2019-05-07
81.9702,28.3008,2019-05-07
81.838,28.2825,2019-05-07
81.683,28.2793,2019-05-07
81.6813,28.2882,2019-05-07
82.0956,28.3548,2019-05-07
81.791,28.3127,2019-05-07
82.084,28.3624,2019-05-07
82.0738,28.361,2019-05-07
81.5194,28.2928,2019-05-07
81.5093,28.2914,2019-05-07
81.4943,28.3168,2019-05-07
81.4523,28.32,2019-05-07
81.4506,28.3289,2019-05-07
81.6597,28.3767,2019-05-07
81.7868,28.4412,2019-05-07
81.7139,28.4402,2019-05-07
81.6244,28.5008,2019-05-07
81.6145,28.4994,2019-05-07
80.9998,28.4577,2019-05-07
80.988,28.4652,2019-05-07
80.9156,28.4639,2019-05-07
81.3218,28.5874,2019-05-07
81.3116,28.586,2019-05-07
81.4617,28.6163,2019-05-07
81.4515,28.6149,2019-05-07
80.9646,28.5545,2019-05-07
81.7712,28.6871,2019-05-07
81.0219,28.5811,2019-05-07
81.0118,28.5797,2019-05-07
81.764,28.695,2019-05-07
81.2929,28.6565,2019-05-07
81.0789,28.635,2019-05-07
81.3977,28.7079,2019-05-07
81.3944,28.7258,2019-05-07
81.364,28.7214,2019-05-07
80.7363,28.6312,2019-05-07
81.4571,28.7449,2019-05-07
80.728,28.6402,2019-05-07
80.7178,28.6387,2019-05-07
80.7077,28.6372,2019-05-07
81.4555,28.7538,2019-05-07
81.4453,28.7524,2019-05-07
80.8581,28.6684,2019-05-07
81.3204,28.7531,2019-05-07
80.7127,28.6655,2019-05-07
81.3998,28.7735,2019-05-07
80.711,28.6744,2019-05-07
80.7009,28.6729,2019-05-07
80.8614,28.7055,2019-05-07
80.8597,28.7144,2019-05-07
80.7989,28.7056,2019-05-07
80.7888,28.7041,2019-05-07
80.6568,28.6848,2019-05-07
80.6467,28.6833,2019-05-07
81.3036,28.7873,2019-05-07
80.6313,28.7086,2019-05-07
81.3135,28.8161,2019-05-07
81.3033,28.8147,2019-05-07
81.3118,28.825,2019-05-07
81.1379,28.8094,2019-05-07
81.2882,28.84,2019-05-07
80.8306,28.7834,2019-05-07
80.8204,28.782,2019-05-07
80.8289,28.7924,2019-05-07
80.8747,28.8265,2019-05-07
80.2015,28.7463,2019-05-07
80.961,28.8859,2019-05-07
80.2955,28.8066,2019-05-07
80.58,28.8579,2019-05-07
80.321,28.838,2019-05-07
80.3107,28.8365,2019-05-07
80.6798,28.909,2019-05-07
80.6696,28.9075,2019-05-07
80.5677,28.8925,2019-05-07
80.5576,28.891,2019-05-07
80.6227,28.9373,2019-05-07
80.6309,28.9477,2019-05-07
80.6209,28.9462,2019-05-07
80.5765,28.9581,2019-05-07
80.5661,28.9566,2019-05-07
80.5455,28.9536,2019-05-07
80.6565,28.9789,2019-05-07
80.4706,28.9609,2019-05-07
80.3189,28.9483,2019-05-07
81.1112,29.0733,2019-05-07
80.5121,28.9863,2019-05-07
81.1888,29.1026,2019-05-07
80.4472,28.9951,2019-05-07
81.1771,29.1101,2019-05-07
80.5138,29.0324,2019-05-07
80.6955,29.0682,2019-05-07
80.6207,29.0756,2019-05-07
80.6032,29.0822,2019-05-07
80.593,29.0807,2019-05-07
80.3444,29.0623,2019-05-07
80.4552,29.0879,2019-05-07
80.3222,29.0682,2019-05-07
80.312,29.0667,2019-05-07
80.4533,29.0969,2019-05-07
80.402,29.0893,2019-05-07
80.3917,29.0877,2019-05-07
80.1867,29.0572,2019-05-07
80.4003,29.0982,2019-05-07
80.3901,29.0967,2019-05-07
80.4599,29.1162,2019-05-07
80.4089,29.1087,2019-05-07
80.3987,29.1072,2019-05-07
80.4928,29.1863,2019-05-07
80.4826,29.1847,2019-05-07
80.4913,29.1952,2019-05-07
80.2513,29.1781,2019-05-07
80.2413,29.1766,2019-05-07
80.2993,29.2036,2019-05-07
80.8385,29.2916,2019-05-07
80.8465,29.3843,2019-05-07
80.2694,29.4293,2019-05-07
80.8377,28.8015,2019-05-07
80.833,28.7988,2019-05-07
80.7367,29.0372,2019-05-07
80.3879,29.1089,2019-05-07
80.39,29.0963,2019-05-07
82.2139,27.9537,2019-05-07
82.8277,27.8381,2019-05-07
80.1782,29.0571,2019-05-08
80.4563,29.4045,2019-05-08
81.1269,29.1414,2019-05-08
80.3384,29.2278,2019-05-08
80.8413,28.8245,2019-05-08
81.7609,28.687,2019-05-08
81.0155,28.789,2019-05-08
81.3319,28.7055,2019-05-08
80.3051,28.8367,2019-05-08
80.3342,28.8234,2019-05-08
80.3224,28.8158,2019-05-08
80.3326,28.8144,2019-05-08
80.3413,28.804,2019-05-08
81.3134,28.6625,2019-05-08
80.1144,28.8084,2019-05-08
81.3573,28.6003,2019-05-08
81.3673,28.5988,2019-05-08
85.2049,27.9659,2019-05-08
81.3457,28.5929,2019-05-08
80.6475,28.6865,2019-05-08
81.4245,28.5719,2019-05-08
81.3121,28.5796,2019-05-08
81.4824,28.5257,2019-05-08
81.5027,28.5227,2019-05-08
81.7702,28.4453,2019-05-08
81.7259,28.4336,2019-05-08
81.5015,28.4587,2019-05-08
80.8262,28.5402,2019-05-08
82.102,28.3479,2019-05-08
82.1123,28.3463,2019-05-08
82.0904,28.3405,2019-05-08
82.1006,28.3389,2019-05-08
80.9909,28.4794,2019-05-08
81.001,28.478,2019-05-08
81.8584,28.3394,2019-05-08
81.9763,28.2934,2019-05-08
81.9864,28.2918,2019-05-08
81.9849,28.2828,2019-05-08
81.9655,28.2674,2019-05-08
81.5549,28.3119,2019-05-08
82.1263,28.2239,2019-05-08
81.5127,28.3091,2019-05-08
82.8729,28.0129,2019-05-08
82.0836,28.0917,2019-05-08
82.1126,28.0779,2019-05-08
82.8764,27.9389,2019-05-08
82.111,28.0415,2019-05-08
82.7702,27.9084,2019-05-08
82.6392,27.9201,2019-05-08
82.1626,27.9038,2019-05-08
80.2452,29.1857,2019-05-08
80.6041,29.1071,2019-05-08
80.6127,29.0967,2019-05-08
80.3853,29.12,2019-05-08
80.7329,29.0702,2019-05-08
80.7429,29.0688,2019-05-08
80.3838,29.111,2019-05-08
80.4454,29.1023,2019-05-08
80.4557,29.1008,2019-05-08
80.372,29.1035,2019-05-08
80.3823,29.1021,2019-05-08
80.1938,29.1102,2019-05-08
80.2039,29.1088,2019-05-08
80.2141,29.1073,2019-05-08
80.7163,29.0361,2019-05-08
80.7569,29.0302,2019-05-08
80.767,29.0288,2019-05-08
80.5032,29.0477,2019-05-08
80.6155,29.0316,2019-05-08
80.3122,29.0382,2019-05-08
81.3373,28.8892,2019-05-08
80.7783,28.9532,2019-05-08
80.7883,28.9517,2019-05-08
80.4798,28.9777,2019-05-08
80.541,28.969,2019-05-08
80.6111,28.9498,2019-05-08
80.6213,28.9484,2019-05-08
80.9654,28.8985,2019-05-08
80.5195,28.9442,2019-05-08
80.5295,28.9427,2019-05-08
80.6908,28.9103,2019-05-08
80.6181,28.9117,2019-05-08
81.2233,28.814,2019-05-08
80.5639,28.9011,2019-05-08
81.4608,28.751,2019-05-08
80.7767,28.6399,2019-05-08
80.3633,29.0942,2019-05-08
80.3697,29.0994,2019-05-08
80.7818,28.6337,2019-05-08
82.783,27.9112,2019-05-08
82.7682,27.9086,2019-05-08
82.7512,27.9167,2019-05-08
82.6109,27.9506,2019-05-08
82.4562,27.7954,2019-05-08
81.8453,28.3432,2019-05-08
80.4612,28.6305,2019-05-08
80.4556,28.6316,2019-05-08
81.4428,28.8846,2019-05-08
81.4276,28.8817,2019-05-08
81.4371,28.8955,2019-05-08
81.4482,28.8946,2019-05-08
81.4338,28.8918,2019-05-08
80.3725,29.1062,2019-05-08
82.0722,28.0609,2019-05-08
80.6423,29.0064,2019-05-08
80.4969,29.1811,2019-05-08
80.3711,29.1097,2019-05-08
80.3825,29.1078,2019-05-08
80.2224,29.1146,2019-05-08
81.4345,28.8914,2019-05-08
81.4478,28.8891,2019-05-08
80.3938,29.0576,2019-05-08
80.4055,29.0556,2019-05-08
80.3149,29.0353,2019-05-08
81.3073,28.5832,2019-05-08
81.3177,28.5712,2019-05-08
81.5952,28.4611,2019-05-08
82.2146,28.2783,2019-05-08
80.2215,29.0313,2019-05-08
80.48,28.989,2019-05-08
81.0089,28.9011,2019-05-08
80.4544,28.9738,2019-05-08
80.683,28.926,2019-05-08
82.0837,28.2419,2019-05-08
81.5006,28.5191,2019-05-08
80.5188,28.9436,2019-05-08
80.5481,28.9094,2019-05-08
80.5591,28.9076,2019-05-08
80.5517,28.9047,2019-05-08
81.049,28.762,2019-05-08
81.4719,28.3998,2019-05-08
80.6915,29.0498,2019-05-09
80.6887,29.056,2019-05-09
83.1135,28.1366,2019-05-09
87.8891,27.3418,2019-05-09
85.7592,27.7043,2019-05-09
85.7485,27.7029,2019-05-09
82.4144,27.8257,2019-05-09
82.4035,27.824,2019-05-09
82.3355,27.8488,2019-05-09
82.1913,27.8256,2019-05-09
82.3226,27.8563,2019-05-09
82.277,27.8586,2019-05-09
82.2359,27.8906,2019-05-09
82.5432,27.9641,2019-05-09
82.5325,27.9624,2019-05-09
82.2229,27.9804,2019-05-09
83.1015,28.144,2019-05-09
83.0963,28.1711,2019-05-09
81.8837,28.1015,2019-05-09
81.8932,28.1128,2019-05-09
83.1513,28.3177,2019-05-09
83.1412,28.3162,2019-05-09
81.8609,28.1226,2019-05-09
82.0596,28.184,2019-05-09
82.0488,28.1822,2019-05-09
81.9438,28.2669,2019-05-09
81.9327,28.2651,2019-05-09
82.1201,28.324,2019-05-09
82.1091,28.3223,2019-05-09
81.9588,28.3081,2019-05-09
81.8794,28.2954,2019-05-09
81.8676,28.2936,2019-05-09
81.8468,28.3053,2019-05-09
81.8732,28.3582,2019-05-09
81.8231,28.3696,2019-05-09
81.8116,28.3678,2019-05-09
81.7788,28.435,2019-05-09
81.4747,28.3953,2019-05-09
81.7054,28.5259,2019-05-09
81.5866,28.5263,2019-05-09
81.5803,28.5287,2019-05-09
81.4743,28.521,2019-05-09
81.3987,28.5183,2019-05-09
81.4087,28.5299,2019-05-09
81.0265,28.4962,2019-05-09
81.3263,28.566,2019-05-09
81.3143,28.564,2019-05-09
80.9581,28.5153,2019-05-09
81.3656,28.586,2019-05-09
81.4474,28.6096,2019-05-09
81.313,28.5971,2019-05-09
81.4893,28.6955,2019-05-09
81.495,28.6997,2019-05-09
81.4835,28.6978,2019-05-09
81.463,28.7339,2019-05-09
81.2364,28.7063,2019-05-09
81.353,28.7355,2019-05-09
81.3414,28.7336,2019-05-09
81.0621,28.6873,2019-05-09
81.443,28.7701,2019-05-09
81.2042,28.7409,2019-05-09
81.3105,28.7818,2019-05-09
81.2738,28.7857,2019-05-09
81.2834,28.7972,2019-05-09
80.7131,28.7114,2019-05-09
80.7004,28.7093,2019-05-09
80.4002,29.0597,2019-05-09
80.3097,29.0234,2019-05-09
80.5119,29.0477,2019-05-09
80.6821,28.9836,2019-05-09
80.64,28.9969,2019-05-09
80.6268,28.9947,2019-05-09
80.6237,29.0044,2019-05-09
80.6719,29.0545,2019-05-09
80.4789,29.0213,2019-05-09
80.6804,29.0764,2019-05-09
80.5248,29.0499,2019-05-09
80.4698,29.1948,2019-05-09
80.4819,29.1969,2019-05-09
80.1902,29.1054,2019-05-09
80.3671,29.115,2019-05-09
80.4584,29.0788,2019-05-09
80.5637,29.0972,2019-05-09
80.577,29.0995,2019-05-09
80.5691,29.0986,2019-05-09
80.6598,28.7127,2019-05-09
80.6469,28.7105,2019-05-09
81.1808,28.8102,2019-05-09
81.4909,28.8708,2019-05-09
80.8708,28.7687,2019-05-09
81.4364,28.8751,2019-05-09
81.4449,28.8864,2019-05-09
81.4416,28.8957,2019-05-09
81.4309,28.8939,2019-05-09
81.0564,28.8413,2019-05-09
81.3313,28.8972,2019-05-09
80.7224,28.8257,2019-05-09
81.0077,28.8936,2019-05-09
80.9968,28.8918,2019-05-09
81.0016,28.895,2019-05-09
80.369,28.8692,2019-05-09
81.3517,29.0463,2019-05-09
80.7508,28.9646,2019-05-09
80.6947,28.9857,2019-05-09
81.5778,28.4665,2019-05-09
81.859,28.3596,2019-05-09
81.8732,28.3611,2019-05-09
81.8638,28.36,2019-05-09
81.8783,28.3616,2019-05-09
82.1021,28.3163,2019-05-09
82.1197,28.3181,2019-05-09
82.1719,28.3234,2019-05-09
82.187,28.3249,2019-05-09
82.2376,28.2738,2019-05-09
82.2381,28.2622,2019-05-09
82.2539,28.2638,2019-05-09
81.8833,28.1118,2019-05-09
83.0417,28.1484,2019-05-09
82.8853,28.0668,2019-05-09
82.1516,27.9344,2019-05-09
82.9157,28.009,2019-05-09
82.1587,27.9363,2019-05-09
82.9021,28.0019,2019-05-09
82.9222,28.0039,2019-05-09
82.8585,27.9369,2019-05-09
82.8654,27.9316,2019-05-09
82.8475,27.9298,2019-05-09
81.4877,28.6948,2019-05-09
81.3246,28.6216,2019-05-09
81.4157,28.5734,2019-05-09
80.4557,29.1957,2019-05-09
80.4696,29.1973,2019-05-09
80.4732,29.1873,2019-05-09
80.606,29.1389,2019-05-09
80.3686,29.1153,2019-05-09
80.5908,29.0988,2019-05-09
80.4568,29.0732,2019-05-09
80.4705,29.0747,2019-05-09
80.5665,29.075,2019-05-09
80.6819,29.0666,2019-05-09
80.675,29.0593,2019-05-09
80.4739,28.9942,2019-05-09
80.4401,28.9694,2019-05-09
80.6393,28.9917,2019-05-09
80.7461,28.9717,2019-05-09
80.7526,28.9664,2019-05-09
80.5774,28.9147,2019-05-09
80.7039,28.9078,2019-05-09
81.0095,28.8716,2019-05-09
80.8529,28.8329,2019-05-09
81.1261,28.83,2019-05-09
81.132,28.8267,2019-05-09
81.363,28.8302,2019-05-09
81.4924,28.7306,2019-05-09
81.4978,28.6978,2019-05-09
82.2618,28.2596,2019-05-09
81.5027,28.6968,2019-05-09
82.2529,28.2632,2019-05-09
82.9134,28.0133,2019-05-09
80.5913,29.0892,2019-05-10
80.2659,29.0679,2019-05-10
80.9954,29.02,2019-05-10
80.6526,29.0006,2019-05-10
80.6652,28.9991,2019-05-10
80.6196,29.1365,2019-05-10
82.3021,28.3395,2019-05-10
82.1928,28.3449,2019-05-10
82.2032,28.3435,2019-05-10
82.1806,28.3371,2019-05-10
82.1918,28.3356,2019-05-10
82.2023,28.3342,2019-05-10
82.2608,28.2627,2019-05-10
83.0333,28.1466,2019-05-10
81.5407,28.3101,2019-05-10
81.6983,28.246,2019-05-10
82.0866,28.1943,2019-05-10
82.8043,28.0219,2019-05-10
81.8764,28.1211,2019-05-10
81.8876,28.1196,2019-05-10
81.8749,28.1118,2019-05-10
81.886,28.1103,2019-05-10
82.8492,27.9514,2019-05-10
82.8595,27.95,2019-05-10
82.8575,27.941,2019-05-10
82.2366,28.007,2019-05-10
83.1082,27.8505,2019-05-10
82.4336,27.9259,2019-05-10
82.1767,27.9512,2019-05-10
82.1418,27.9111,2019-05-10
85.362,27.4295,2019-05-10
82.2122,27.8734,2019-05-10
82.2037,27.8276,2019-05-10
83.1257,27.5902,2019-05-10
82.7584,27.8904,2019-05-10
80.5873,28.9067,2019-05-10
81.2701,28.8028,2019-05-10
81.2683,28.7932,2019-05-10
81.5105,28.6906,2019-05-10
81.322,28.6032,2019-05-10
81.7956,28.4991,2019-05-10
84.8794,28.0407,2019-05-10
81.5155,28.4968,2019-05-10
81.5793,28.4596,2019-05-10
82.2971,28.3431,2019-05-10
81.0156,28.4719,2019-05-10
81.0084,28.469,2019-05-10
82.1933,28.311,2019-05-10
82.1872,28.3164,2019-05-10
82.814,28.0235,2019-05-10
80.6493,29.0464,2019-05-10
80.4789,29.0067,2019-05-10
80.2415,29.0311,2019-05-10
80.3849,29.0109,2019-05-10
80.3832,29.0019,2019-05-10
80.3815,28.993,2019-05-10
81.1919,28.8757,2019-05-10
81.1902,28.8668,2019-05-10
81.3846,28.8273,2019-05-10
80.5835,28.9264,2019-05-10
81.9324,28.5321,2019-05-10
81.3471,28.5843,2019-05-10
81.9328,28.4859,2019-05-10
81.9431,28.4843,2019-05-10
81.4816,28.5089,2019-05-10
81.5016,28.5059,2019-05-10
81.5116,28.5044,2019-05-10
81.5203,28.4939,2019-05-10
81.5861,28.4564,2019-05-10
82.1879,28.3542,2019-05-10
82.3116,28.3347,2019-05-10
82.3221,28.333,2019-05-10
81.8166,28.4027,2019-05-10
81.8269,28.4011,2019-05-10
82.1855,28.3452,2019-05-10
82.1852,28.3173,2019-05-10
82.1953,28.3157,2019-05-10
82.2061,28.3141,2019-05-10
82.1939,28.3067,2019-05-10
82.2047,28.305,2019-05-10
82.0896,28.2403,2019-05-10
82.8054,28.1179,2019-05-10
82.8245,28.0218,2019-05-10
82.857,27.9246,2019-05-10
82.1948,27.9368,2019-05-10
80.4874,29.0114,2019-05-11
80.6038,28.9485,2019-05-11
82.1155,28.5083,2019-05-11
82.1076,28.506,2019-05-11
81.215,28.6082,2019-05-11
81.211,28.6133,2019-05-11
82.1939,28.3195,2019-05-11
82.2225,28.3254,2019-05-11
81.0046,28.5209,2019-05-11
80.9441,28.4785,2019-05-11
80.9395,28.4822,2019-05-11
80.9361,28.4692,2019-05-11
82.8088,28.0132,2019-05-11
82.7565,27.8699,2019-05-11
86.0915,27.2535,2019-05-11
81.0084,28.4795,2019-05-11
81.3206,28.5529,2019-05-11
80.9291,28.4764,2019-05-11
80.7737,28.5888,2019-05-11
81.1739,28.864,2019-05-11
80.4821,28.9972,2019-05-11
80.4792,29.0095,2019-05-11
80.3859,29.0169,2019-05-11
80.3142,29.1083,2019-05-11
80.2929,29.1042,2019-05-11
80.3075,29.1101,2019-05-11
80.2857,29.1058,2019-05-11
80.9372,28.4722,2019-05-11
81.0166,28.4748,2019-05-11
82.1004,28.5039,2019-05-11
82.1075,28.504,2019-05-11
82.1118,28.4932,2019-05-11
82.2979,28.33,2019-05-11
82.2996,28.319,2019-05-11
82.3161,28.322,2019-05-11
82.0457,28.2491,2019-05-11
83.6639,28.5189,2019-05-11
81.813,28.1132,2019-05-11
82.1877,27.9388,2019-05-11
82.319,27.9627,2019-05-11
83.0164,27.9736,2019-05-11
83.144,27.7394,2019-05-11
80.353,29.12,2019-05-11
86.0859,27.2471,2019-05-11
86.0845,27.2591,2019-05-11
86.0991,27.2546,2019-05-11
86.0762,27.2524,2019-05-11
83.1213,27.5213,2019-05-11
84.6512,27.8685,2019-05-11
83.1187,27.8468,2019-05-11
82.7353,27.8829,2019-05-11
82.6866,27.8869,2019-05-11
82.6824,27.9159,2019-05-11
82.6704,27.9144,2019-05-11
83.0409,27.9792,2019-05-11
83.0292,27.9778,2019-05-11
82.4082,27.921,2019-05-11
82.8205,28.0045,2019-05-11
82.8085,28.003,2019-05-11
82.8286,28.0154,2019-05-11
82.8176,28.0141,2019-05-11
82.0892,27.9244,2019-05-11
82.9091,28.0549,2019-05-11
82.8962,28.0533,2019-05-11
82.8121,28.0431,2019-05-11
83.2705,28.1489,2019-05-11
83.1782,28.2906,2019-05-11
82.054,28.258,2019-05-11
82.2984,28.3171,2019-05-11
82.2961,28.3265,2019-05-11
82.285,28.3252,2019-05-11
81.9213,28.333,2019-05-11
81.875,28.413,2019-05-11
81.6422,28.418,2019-05-11
82.0949,28.4944,2019-05-11
81.9021,28.4701,2019-05-11
81.7994,28.4856,2019-05-11
81.5699,28.4559,2019-05-11
81.5022,28.4917,2019-05-11
81.4985,28.51,2019-05-11
81.3647,28.5302,2019-05-11
81.3951,28.5696,2019-05-11
81.3,28.6396,2019-05-11
82.3184,28.8067,2019-05-11
82.3086,28.8056,2019-05-11
81.5257,28.7348,2019-05-11
81.7327,28.8059,2019-05-11
81.368,28.7873,2019-05-11
81.3573,28.7859,2019-05-11
81.2226,28.8319,2019-05-11
81.2117,28.8305,2019-05-11
81.1763,28.8446,2019-05-11
81.1748,28.8537,2019-05-11
81.1708,28.8718,2019-05-11
80.9826,28.8551,2019-05-11
80.7806,28.8468,2019-05-11
81.0933,28.9068,2019-05-11
81.0824,28.9054,2019-05-11
81.0007,28.9412,2019-05-11
80.5053,28.9293,2019-05-11
80.5955,28.9507,2019-05-11
80.9924,29.0132,2019-05-11
80.3713,28.9938,2019-05-11
80.3696,29.0028,2019-05-11
80.3781,29.0132,2019-05-11
80.4069,29.0263,2019-05-11
80.3967,29.0249,2019-05-11
80.3865,29.0235,2019-05-11
80.6323,29.0661,2019-05-11
80.2551,29.079,2019-05-11
80.2448,29.0776,2019-05-11
80.2638,29.0894,2019-05-11
80.3133,29.1054,2019-05-11
80.3013,29.1129,2019-05-11
80.2606,29.1073,2019-05-11
81.4851,28.5055,2019-05-11
81.5074,28.6514,2019-05-12
81.5232,28.6497,2019-05-12
81.9639,28.4889,2019-05-12
81.4888,28.4948,2019-05-12
82.2819,28.3161,2019-05-12
82.8956,28.1749,2019-05-12
81.5363,28.3075,2019-05-12
81.9511,28.2168,2019-05-12
82.8355,28.0057,2019-05-12
82.685,27.9205,2019-05-12
82.6777,27.916,2019-05-12
82.1674,27.9531,2019-05-12
82.1835,28.7033,2019-05-12
86.0943,27.2502,2019-05-12
83.0764,27.4711,2019-05-12
83.0467,27.4538,2019-05-12
80.6539,29.0333,2019-05-12
80.3889,29.0247,2019-05-12
80.3762,29.0233,2019-05-12
80.6219,29.0616,2019-05-12
80.6332,29.0735,2019-05-12
80.62,29.072,2019-05-12
84.8873,27.8354,2019-05-12
82.9433,27.6686,2019-05-12
83.2009,27.8259,2019-05-12
82.2802,28.3169,2019-05-12
82.2128,28.31,2019-05-12
81.437,28.2395,2019-05-12
81.8732,28.4107,2019-05-12
81.8827,28.4123,2019-05-12
81.9402,28.464,2019-05-12
81.9706,28.4786,2019-05-12
81.4757,28.4941,2019-05-12
81.6591,28.5585,2019-05-12
81.4678,28.6186,2019-05-12
80.5085,28.694,2019-05-12
80.5867,28.955,2019-05-12
82.9167,27.9281,2019-05-12
82.9132,27.9179,2019-05-12
81.935,28.4674,2019-05-12
81.9739,28.4798,2019-05-12
81.9323,28.4699,2019-05-12
83.9997,27.5275,2019-05-12
80.6668,29.0167,2019-05-12
80.7357,28.9769,2019-05-12
80.637,28.8982,2019-05-12
80.8628,28.8503,2019-05-12
81.4797,28.6322,2019-05-12
81.4839,28.6279,2019-05-12
81.2901,28.6138,2019-05-12
81.3839,28.5921,2019-05-12
81.4477,28.511,2019-05-12
81.5866,28.4931,2019-05-12
81.5139,28.4831,2019-05-12
84.4828,27.5056,2019-05-12
83.936,27.5325,2019-05-12
83.9858,27.5251,2019-05-12
83.9958,27.5236,2019-05-12
84.0058,27.5222,2019-05-12
83.9128,27.5177,2019-05-12
84.2456,27.4314,2019-05-12
84.244,27.4225,2019-05-12
81.4356,28.2601,2019-05-13
81.3795,28.189,2019-05-13
82.3985,27.937,2019-05-13
82.392,27.9315,2019-05-13
81.2035,28.8862,2019-05-13
81.2987,28.6118,2019-05-13
81.5264,28.6736,2019-05-13
81.5107,28.6765,2019-05-13
81.8476,28.6364,2019-05-13
81.8323,28.6393,2019-05-13
80.4614,28.9105,2019-05-13
80.8535,28.8578,2019-05-13
80.5952,28.937,2019-05-13
80.2699,29.1191,2019-05-13
80.2727,29.1291,2019-05-13
81.0873,28.9188,2019-05-13
81.1632,28.8671,2019-05-13
81.0243,28.9251,2019-05-13
81.657,28.5446,2019-05-13
81.2966,28.6009,2019-05-13
81.3461,28.5665,2019-05-13
81.3437,28.5556,2019-05-13
82.14,28.3474,2019-05-13
81.2522,28.505,2019-05-13
81.2673,28.5022,2019-05-13
82.1354,28.3511,2019-05-13
81.2612,28.5003,2019-05-13
82.1427,28.3493,2019-05-13
81.3437,28.5566,2019-05-13
82.1363,28.3542,2019-05-13
86.112,27.2283,2019-05-13
86.1062,27.2299,2019-05-13
82.5021,27.9005,2019-05-13
82.2668,28.3269,2019-05-13
82.8571,27.7767,2019-05-13
84.2805,27.7073,2019-05-13
83.9099,27.51,2019-05-13
83.9632,27.4805,2019-05-13
84.2981,27.3969,2019-05-13
82.0328,28.2924,2019-05-13
82.1503,28.3373,2019-05-13
82.1288,28.3621,2019-05-13
81.6274,28.4067,2019-05-13
81.5683,28.4349,2019-05-13
81.4769,28.4855,2019-05-13
81.4523,28.5004,2019-05-13
81.4401,28.5078,2019-05-13
81.4384,28.5169,2019-05-13
81.4171,28.5406,2019-05-13
81.3764,28.5811,2019-05-13
81.4948,28.6636,2019-05-13
80.8737,28.7996,2019-05-13
82.5005,27.9094,2019-05-13
81.2715,28.5231,2019-05-14
81.2654,28.5223,2019-05-14
82.8643,27.775,2019-05-14
82.7166,27.93,2019-05-14
84.2492,27.4398,2019-05-14
83.9012,27.5035,2019-05-14
82.8268,28.1026,2019-05-14
84.0428,27.5288,2019-05-14
81.9338,28.0691,2019-05-15
80.8057,29.3811,2019-05-15
81.3607,28.8948,2019-05-15
81.0591,28.934,2019-05-15
81.0622,28.9252,2019-05-15
81.1867,28.8868,2019-05-15
80.1124,29.0167,2019-05-15
81.472,28.7297,2019-05-15
81.3712,28.5704,2019-05-15
81.689,28.5188,2019-05-15
80.8218,28.6205,2019-05-15
81.3512,28.5261,2019-05-15
81.2631,28.5309,2019-05-15
81.2847,28.5274,2019-05-15
81.2667,28.5231,2019-05-15
82.8177,28.093,2019-05-15
81.8125,28.1088,2019-05-15
82.3935,27.8259,2019-05-15
83.9765,27.5019,2019-05-15
81.2706,28.527,2019-05-15
81.2735,28.5284,2019-05-15
84.0369,27.5286,2019-05-15
84.0478,27.5303,2019-05-15
81.2096,28.9985,2019-05-15
80.5202,29.2795,2019-05-15
80.5044,29.2766,2019-05-15
82.3879,27.8235,2019-05-15
81.6792,28.5142,2019-05-15
82.4804,27.7904,2019-05-16
82.4015,27.8247,2019-05-16
82.3914,27.8232,2019-05-16
82.3813,27.8217,2019-05-16
82.2652,27.9066,2019-05-16
82.1821,28.0051,2019-05-16
82.1804,28.0141,2019-05-16
81.9903,28.1794,2019-05-16
81.9682,28.1853,2019-05-16
82.0562,28.4289,2019-05-16
81.9235,28.1971,2019-05-16
81.5335,28.6269,2019-05-16
81.4038,28.4409,2019-05-16
81.4143,28.4425,2019-05-16
81.932,28.5021,2019-05-16
81.9419,28.5036,2019-05-16
81.9339,28.4931,2019-05-16
82.0489,28.4367,2019-05-16
82.0592,28.4382,2019-05-16
83.1855,27.5601,2019-05-16
80.3,29.229,2019-05-16
81.0627,28.9149,2019-05-16
80.9243,28.8935,2019-05-16
81.0503,28.9402,2019-05-16
80.7375,28.9827,2019-05-16
80.7269,28.981,2019-05-16
80.7162,28.9794,2019-05-16
80.5793,29.1172,2019-05-16
80.5678,29.1154,2019-05-16
80.4975,29.1484,2019-05-16
80.2827,29.1235,2019-05-16
80.3897,29.1695,2019-05-16
80.3482,29.2367,2019-05-16
81.2721,28.85,2019-05-16
81.0718,28.8909,2019-05-16
81.4133,28.5496,2019-05-16
81.377,28.546,2019-05-16
81.37,28.5503,2019-05-16
80.8525,28.7895,2019-05-16
80.8479,28.785,2019-05-16
81.413,28.5425,2019-05-17
81.2965,28.5495,2019-05-17
81.307,28.548,2019-05-17
81.3695,28.5393,2019-05-17
82.044,28.4344,2019-05-17
80.8919,28.5864,2019-05-17
81.409,28.4598,2019-05-17
82.8134,28.0818,2019-05-17
81.3447,28.1746,2019-05-17
82.1814,28.0184,2019-05-17
82.7963,27.8906,2019-05-17
81.94,28.1912,2019-05-17
81.1723,29.0079,2019-05-17
80.7195,28.9677,2019-05-17
81.0727,28.9108,2019-05-17
81.0794,28.8913,2019-05-17
81.2684,28.8563,2019-05-17
81.1683,28.8152,2019-05-17
82.2206,28.5383,2019-05-17
82.8064,27.8891,2019-05-17
81.2852,28.5494,2019-05-17
86.1471,27.3306,2019-05-17
85.8403,27.413,2019-05-17
84.0541,27.5234,2019-05-17
81.1681,28.9993,2019-05-17
82.1418,28.35,2019-05-17
81.1656,28.8052,2019-05-17
81.1822,28.9969,2019-05-17
82.1298,28.352,2019-05-17
81.3584,28.4627,2019-05-18
86.8059,26.971,2019-05-18
84.037,27.5078,2019-05-18
84.0038,27.7351,2019-05-18
83.1891,27.7364,2019-05-18
83.1772,27.7345,2019-05-18
83.0943,27.721,2019-05-18
82.89,27.6876,2019-05-18
83.1832,27.7382,2019-05-18
83.0885,27.7223,2019-05-18
81.5457,28.4569,2019-05-18
81.3608,28.4522,2019-05-18
81.3462,28.4495,2019-05-18
81.3438,28.46,2019-05-18
81.0652,28.8953,2019-05-18
81.0645,28.9062,2019-05-18
82.2186,28.2651,2019-05-18
80.484,28.6288,2019-05-18
80.9622,28.5333,2019-05-18
81.8146,28.522,2019-05-18
81.6792,28.395,2019-05-18
81.6905,28.3963,2019-05-18
84.0651,27.5216,2019-05-18
81.6805,28.3849,2019-05-18
82.2184,28.2756,2019-05-18
82.2339,28.2669,2019-05-18
82.2059,28.2637,2019-05-18
81.6892,28.3758,2019-05-19
80.6829,28.8578,2019-05-19
81.3559,28.5342,2019-05-19
82.2223,28.2804,2019-05-19
83.1475,28.1447,2019-05-19
82.2213,28.2503,2019-05-19
82.2331,28.2488,2019-05-19
81.8189,28.1565,2019-05-19
81.8321,28.1549,2019-05-19
83.2205,27.7432,2019-05-19
83.6125,27.681,2019-05-19
83.2318,27.6748,2019-05-19
82.2513,27.7887,2019-05-19
83.9088,27.5753,2019-05-19
83.9193,27.5739,2019-05-19
83.0949,27.6733,2019-05-19
83.0876,27.6691,2019-05-19
83.0988,27.6676,2019-05-19
84.0742,27.5165,2019-05-19
83.931,27.4897,2019-05-19
80.2569,29.1949,2019-05-19
82.4951,27.8096,2019-05-19
82.4722,27.8074,2019-05-19
82.4903,27.8063,2019-05-19
81.5392,28.4691,2019-05-19
81.2858,28.5609,2019-05-19
80.2878,28.7881,2019-05-19
80.8907,28.8728,2019-05-19
81.1714,28.9783,2019-05-19
81.1726,28.9803,2019-05-19
80.417,29.0172,2019-05-19
80.4281,29.0157,2019-05-19
80.9898,28.9031,2019-05-19
81.7573,28.5309,2019-05-19
81.3004,28.5763,2019-05-19
82.2155,28.3998,2019-05-19
81.5427,28.4776,2019-05-19
81.6766,28.3856,2019-05-19
82.9247,28.2033,2019-05-19
81.6851,28.3752,2019-05-19
83.6085,27.6828,2019-05-19
83.9475,27.4914,2019-05-19
84.0792,27.5151,2019-05-19
82.1432,27.8951,2019-05-19
82.7364,27.8992,2019-05-19
82.7464,27.8977,2019-05-19
83.5307,27.7229,2019-05-19
83.5294,27.7138,2019-05-19
80.3874,29.161,2019-05-20
81.0832,28.4021,2019-05-20
81.0899,28.4071,2019-05-20
81.4407,28.4388,2019-05-20
81.4482,28.4412,2019-05-20
81.4284,28.4452,2019-05-20
81.5363,28.4747,2019-05-20
80.4091,29.0176,2019-05-20
80.4147,29.0162,2019-05-20
83.9101,27.605,2019-05-20
83.906,27.5801,2019-05-20
83.8993,27.5799,2019-05-20
83.894,27.602,2019-05-20
81.5282,28.4701,2019-05-20
81.2822,28.8444,2019-05-20
80.7945,28.7847,2019-05-20
82.8127,27.9549,2019-05-20
82.9794,28.1696,2019-05-20
82.1212,28.0919,2019-05-20
82.1294,28.2678,2019-05-20
82.0873,28.2712,2019-05-20
81.852,28.2479,2019-05-20
81.5678,28.4568,2019-05-20
81.5644,28.4746,2019-05-20
82.8231,27.9562,2019-05-20
81.5342,28.4704,2019-05-20
81.5242,28.469,2019-05-20
81.8359,28.5216,2019-05-20
81.5325,28.4793,2019-05-20
81.5308,28.4882,2019-05-20
81.4284,28.4829,2019-05-20
81.4204,28.4916,2019-05-20
81.4072,28.5629,2019-05-20
81.277,28.5633,2019-05-20
81.9132,28.6613,2019-05-20
81.7476,28.7117,2019-05-20
80.9218,28.8071,2019-05-20
81.4245,28.897,2019-05-20
80.7849,28.8147,2019-05-20
81.3885,28.9474,2019-05-20
81.3783,28.946,2019-05-20
81.0443,28.8985,2019-05-20
80.6964,28.8664,2019-05-20
81.1776,28.9633,2019-05-20
81.0528,28.9637,2019-05-20
80.9481,28.967,2019-05-20
80.4155,29.0094,2019-05-20
80.4052,29.0079,2019-05-20
81.2165,29.1347,2019-05-20
80.4035,29.0168,2019-05-20
80.3589,29.0286,2019-05-20
80.7553,29.0959,2019-05-20
80.3624,29.0659,2019-05-20
80.5315,29.1372,2019-05-20
81.0033,29.2612,2019-05-20
80.4541,29.3102,2019-05-20
80.5348,29.46,2019-05-20
82.7322,27.8988,2019-05-20
84.0822,27.5128,2019-05-20
83.624,27.7207,2019-05-20
83.61,27.6807,2019-05-20
83.6065,27.6744,2019-05-20
83.6172,27.6758,2019-05-20
81.2771,28.5392,2019-05-21
80.5147,29.4575,2019-05-21
80.5397,29.4554,2019-05-21
81.3072,29.1038,2019-05-21
81.4037,28.9007,2019-05-21
81.429,28.8985,2019-05-21
80.7869,28.8157,2019-05-21
81.2622,28.5648,2019-05-21
81.2827,28.5363,2019-05-21
82.0748,28.4379,2019-05-21
85.5267,27.8104,2019-05-21
85.5392,27.8088,2019-05-21
85.7126,27.6137,2019-05-21
82.1705,27.8428,2019-05-21
80.4339,29.0146,2019-05-21
80.4003,29.0103,2019-05-21
80.3612,29.0675,2019-05-21
80.5248,29.146,2019-05-21
80.5285,29.1514,2019-05-21
80.5175,29.1501,2019-05-21
80.4975,29.3308,2019-05-21
80.5612,29.3677,2019-05-21
80.5336,29.4357,2019-05-21
80.517,29.4629,2019-05-21
80.6329,29.4869,2019-05-21
80.6214,29.4855,2019-05-21
82.1749,27.8408,2019-05-21
82.1318,27.8967,2019-05-21
81.6622,27.9839,2019-05-21
82.0641,28.437,2019-05-21
81.4335,28.4248,2019-05-21
81.5243,28.4657,2019-05-21
81.5701,28.4812,2019-05-21
81.5561,28.4897,2019-05-21
82.1224,28.5656,2019-05-21
81.5245,28.5367,2019-05-21
81.4131,28.555,2019-05-21
81.2776,28.5389,2019-05-21
81.2653,28.5374,2019-05-21
81.2884,28.5502,2019-05-21
81.2761,28.5487,2019-05-21
81.2637,28.5473,2019-05-21
81.2745,28.5586,2019-05-21
81.2622,28.5571,2019-05-21
80.9125,28.6584,2019-05-21
80.9019,28.8267,2019-05-21
80.7967,28.8136,2019-05-21
80.7849,28.8121,2019-05-21
80.7892,28.8168,2019-05-21
81.4108,28.9003,2019-05-21
81.3485,28.893,2019-05-21
81.2312,28.9094,2019-05-21
80.9909,28.93,2019-05-21
80.9971,28.9324,2019-05-21
80.9851,28.931,2019-05-21
81.1623,29.0841,2019-05-21
80.4362,29.0052,2019-05-21
80.4023,29.001,2019-05-21
80.5455,29.1566,2019-05-21
80.5229,29.1456,2019-05-21
81.0215,29.2673,2019-05-21
81.3752,28.8737,2019-05-21
82.0698,28.4371,2019-05-21
82.0695,28.4269,2019-05-21
82.0831,28.4253,2019-05-21
81.4372,28.474,2019-05-21
81.4443,28.4204,2019-05-21
82.2224,28.4354,2019-05-22
81.0025,29.2548,2019-05-22
80.3552,29.1969,2019-05-22
80.6952,29.131,2019-05-22
81.4096,28.969,2019-05-22
80.5917,29.0653,2019-05-22
80.6036,29.0634,2019-05-22
80.7591,28.9981,2019-05-22
82.1191,28.5642,2019-05-22
81.4825,28.6263,2019-05-22
82.2155,28.4431,2019-05-22
82.229,28.4406,2019-05-22
82.2241,28.4459,2019-05-22
82.2382,28.4434,2019-05-22
81.2716,28.5802,2019-05-22
81.284,28.578,2019-05-22
82.1752,28.4222,2019-05-22
81.2819,28.5682,2019-05-22
82.0462,28.4237,2019-05-22
81.524,28.4849,2019-05-22
81.5153,28.4662,2019-05-22
81.4238,28.4716,2019-05-22
81.4365,28.4694,2019-05-22
82.8866,28.1894,2019-05-22
81.4376,28.4177,2019-05-22
81.4352,28.4078,2019-05-22
81.28,28.566,2019-05-22
81.2741,28.5728,2019-05-22
82.8864,28.2097,2019-05-22
82.2791,28.3832,2019-05-22
82.0331,28.427,2019-05-22
82.1092,28.4487,2019-05-22
82.1078,28.4581,2019-05-22
82.0964,28.4563,2019-05-22
82.1013,28.4631,2019-05-22
82.0899,28.4612,2019-05-22
81.4539,28.4161,2019-05-22
82.9866,28.114,2019-05-22
81.4253,28.4313,2019-05-22
81.4385,28.4564,2019-05-22
81.5206,28.48,2019-05-22
81.4247,28.464,2019-05-22
82.121,28.6066,2019-05-22
81.2686,28.5807,2019-05-22
81.2907,28.5943,2019-05-22
81.2786,28.5924,2019-05-22
81.4669,28.7588,2019-05-22
81.2423,28.8539,2019-05-22
81.411,28.9643,2019-05-22
81.4098,28.974,2019-05-22
80.6958,28.8555,2019-05-22
82.9891,28.1051,2019-05-22
81.0703,28.9604,2019-05-22
81.239,29.0813,2019-05-22
81.2497,29.103,2019-05-22
80.6236,29.1211,2019-05-22
80.6179,29.3673,2019-05-22
81.4421,28.4142,2019-05-22
82.0919,28.4721,2019-05-22
81.2921,28.5942,2019-05-22
81.2813,28.5792,2019-05-22
81.2117,28.9912,2019-05-23
81.208,28.9848,2019-05-23
82.8612,27.9883,2019-05-23
82.8535,27.9866,2019-05-23
83.235,27.6806,2019-05-23
82.6246,27.9393,2019-05-23
82.2829,28.3799,2019-05-23
82.2729,28.3786,2019-05-23
82.1732,28.43,2019-05-23
82.1625,28.4285,2019-05-23
82.0704,28.416,2019-05-23
82.1612,28.4376,2019-05-23
82.1271,28.4513,2019-05-23
82.1171,28.4499,2019-05-23
82.1071,28.4486,2019-05-23
82.0765,28.4444,2019-05-23
81.1858,29.0015,2019-05-23
82.0918,28.474,2019-05-23
81.4544,28.4035,2019-05-23
81.4511,28.4213,2019-05-23
81.4446,28.4569,2019-05-23
81.7666,28.5113,2019-05-23
81.5136,28.4758,2019-05-23
81.691,28.5476,2019-05-23
81.6524,28.588,2019-05-23
81.9424,28.683,2019-05-23
81.9306,28.6905,2019-05-23
81.7607,28.7231,2019-05-23
81.4438,28.752,2019-05-23
81.4368,28.7602,2019-05-23
81.2466,28.8533,2019-05-23
81.4171,28.9689,2019-05-23
81.0321,28.9142,2019-05-23
80.2039,28.8108,2019-05-23
81.1974,28.9743,2019-05-23
81.1873,28.9729,2019-05-23
80.8534,28.9249,2019-05-23
81.1957,28.9832,2019-05-23
81.1857,28.9818,2019-05-23
81.1941,28.9922,2019-05-23
81.184,28.9907,2019-05-23
81.1959,29.0029,2019-05-23
80.7284,28.9995,2019-05-23
81.2517,29.093,2019-05-23
81.6394,29.1657,2019-05-23
81.6294,29.1643,2019-05-23
81.2364,29.1459,2019-05-23
80.7365,29.0923,2019-05-23
81.1267,29.1956,2019-05-23
80.6301,29.1238,2019-05-23
80.6199,29.1223,2019-05-23
80.3628,29.231,2019-05-23
80.6422,29.4015,2019-05-23
81.3884,29.0204,2019-05-23
80.6857,29.4494,2019-05-24
80.696,29.448,2019-05-24
80.5714,29.3736,2019-05-24
81.2584,29.0985,2019-05-24
81.3935,29.0227,2019-05-24
81.3902,29.0049,2019-05-24
80.8523,28.9371,2019-05-24
81.0342,28.9105,2019-05-24
81.0885,28.847,2019-05-24
81.0734,28.8218,2019-05-24
81.0835,28.8203,2019-05-24
82.1493,28.5751,2019-05-24
82.0303,28.566,2019-05-24
80.7753,28.7358,2019-05-24
81.2801,28.6065,2019-05-24
81.4628,28.4311,2019-05-24
82.9186,28.156,2019-05-24
82.9298,28.1542,2019-05-24
82.1109,28.4426,2019-05-24
82.7978,28.109,2019-05-24
82.8155,28.101,2019-05-24
82.8069,28.1145,2019-05-24
82.9215,28.1464,2019-05-24
82.7988,28.0981,2019-05-24
82.8128,28.1116,2019-05-24
82.0879,28.5504,2019-05-24
82.0773,28.5481,2019-05-24
82.0923,28.5508,2019-05-24
82.0247,28.3759,2019-05-24
82.1255,28.4408,2019-05-24
82.0101,28.5707,2019-05-24
81.5061,28.4686,2019-05-25
83.7504,27.8036,2019-05-25
83.4193,27.8642,2019-05-25
82.0041,28.1166,2019-05-25
81.3718,28.3744,2019-05-25
81.4757,28.4112,2019-05-25
81.44,28.4054,2019-05-25
81.4697,28.4131,2019-05-25
81.076,28.4376,2019-05-25
80.5822,28.7254,2019-05-25
80.5887,28.7265,2019-05-25
81.26,29.0864,2019-05-25
80.5189,29.1267,2019-05-25
82.1364,28.5237,2019-05-25
82.9847,28.0756,2019-05-25
82.0625,28.5507,2019-05-25
82.0672,28.5397,2019-05-25
80.8331,28.9637,2019-05-25
81.5598,28.7144,2019-05-25
81.546,28.7129,2019-05-25
80.8183,28.962,2019-05-25
80.4415,28.8543,2019-05-26
80.4958,28.858,2019-05-26
80.8231,29.0315,2019-05-26
80.6369,29.1352,2019-05-26
82.0963,28.4403,2019-05-26
82.0849,28.4418,2019-05-26
81.8251,28.5296,2019-05-26
82.0733,28.5352,2019-05-26
80.4426,28.7717,2019-05-26
83.0533,28.033,2019-05-26
83.5452,27.6498,2019-05-26
81.5019,28.4362,2019-05-26
81.4903,28.4377,2019-05-26
81.5004,28.4266,2019-05-26
82.6656,27.7099,2019-05-26
81.4773,28.4296,2019-05-26
81.7972,28.0935,2019-05-26
80.4065,29.198,2019-05-26
81.4727,28.4305,2019-05-26
80.4038,29.2107,2019-05-26
82.7914,28.1067,2019-05-26
86.286,27.202,2019-05-26
82.7888,28.1201,2019-05-26
81.8753,28.2259,2019-05-26
82.0902,28.5495,2019-05-26
82.1079,28.5456,2019-05-26
82.3338,28.7997,2019-05-26
82.3277,28.807,2019-05-26
80.6447,29.1344,2019-05-26
80.716,29.1057,2019-05-26
82.3322,28.7984,2019-05-26
80.8271,28.9512,2019-05-26
81.5657,28.7227,2019-05-26
82.0846,28.2452,2019-05-26
81.4279,29.4239,2019-05-27
80.644,29.1323,2019-05-27
80.9388,29.2916,2019-05-27
80.6294,29.1371,2019-05-27
80.6504,29.1413,2019-05-27
80.6318,29.125,2019-05-27
80.6512,29.1289,2019-05-27
80.6347,29.1339,2019-05-27
80.6372,29.1218,2019-05-27
80.8988,29.1471,2019-05-27
80.789,29.0449,2019-05-27
81.1592,28.9175,2019-05-27
81.093,28.8558,2019-05-27
81.1126,28.8596,2019-05-27
82.3234,28.796,2019-05-27
81.8215,28.6469,2019-05-27
82.1708,28.5259,2019-05-27
82.0115,28.3809,2019-05-27
81.4909,28.072,2019-05-27
85.7448,27.4496,2019-05-27
85.7471,27.4405,2019-05-27
80.6432,29.116,2019-05-27
83.1852,28.099,2019-05-27
82.4929,28.2374,2019-05-27
82.4806,28.2358,2019-05-27
82.4867,28.2402,2019-05-27
82.4856,28.2499,2019-05-27
82.2771,28.3019,2019-05-27
82.0619,28.3566,2019-05-27
82.2947,28.4001,2019-05-27
82.293,28.4095,2019-05-27
81.4877,28.4473,2019-05-27
82.1718,28.5443,2019-05-27
82.1603,28.5429,2019-05-27
81.8086,28.6436,2019-05-27
81.7969,28.6421,2019-05-27
81.8184,28.6544,2019-05-27
81.8063,28.6528,2019-05-27
81.5358,28.7005,2019-05-27
80.9816,28.9771,2019-05-27
80.9705,28.9756,2019-05-27
80.9692,28.9848,2019-05-27
81.2968,29.0462,2019-05-27
81.0706,29.0167,2019-05-27
80.787,29.0618,2019-05-27
81.0218,29.1394,2019-05-27
80.5965,29.1374,2019-05-27
80.5371,29.1754,2019-05-27
80.5156,29.2553,2019-05-27
81.4374,29.4408,2019-05-27
80.3685,29.4467,2019-05-27
80.6403,29.0998,2019-05-28
80.6342,29.0974,2019-05-28
80.6536,29.0954,2019-05-28
81.1572,28.9295,2019-05-28
81.1585,28.9173,2019-05-28
81.1232,28.8661,2019-05-28
81.8494,28.6292,2019-05-28
82.1688,28.5842,2019-05-28
81.225,28.6018,2019-05-28
83.1422,28.336,2019-05-28
83.1539,28.3346,2019-05-28
81.4856,28.4522,2019-05-28
82.1544,28.3458,2019-05-28
82.4927,28.2499,2019-05-28
82.5095,28.248,2019-05-28
85.7605,27.4498,2019-05-28
82.1545,28.3433,2019-05-28
82.3608,27.7834,2019-05-28
81.8718,28.3367,2019-05-28
82.1677,28.5849,2019-05-28
81.9168,28.568,2019-05-28
81.1949,28.8213,2019-05-28
81.2936,28.9703,2019-05-28
81.2802,28.9689,2019-05-28
80.8163,28.94,2019-05-28
80.9555,28.9771,2019-05-28
80.6371,29.021,2019-05-28
81.1635,29.1607,2019-05-28
80.4394,29.0802,2019-05-28
80.4198,29.2711,2019-05-28
80.7537,29.3564,2019-05-28
80.7373,29.3547,2019-05-28
80.6477,29.1595,2019-05-28
82.3774,27.7933,2019-05-28
81.4815,28.454,2019-05-28
82.1762,28.5654,2019-05-28
82.1773,28.5747,2019-05-28
81.7682,28.7456,2019-05-28
81.8868,28.4362,2019-05-29
80.6602,29.4295,2019-05-29
80.5418,29.1616,2019-05-29
81.1202,28.8546,2019-05-29
85.7683,27.4416,2019-05-29
85.9984,27.3575,2019-05-29
85.989,27.3518,2019-05-29
80.75,29.3356,2019-05-29
81.4687,28.9978,2019-05-29
82.9766,28.0581,2019-05-29
82.9665,28.0567,2019-05-29
81.9509,28.3598,2019-05-29
82.1745,28.5497,2019-05-29
82.1442,28.5452,2019-05-29
82.1828,28.5601,2019-05-29
82.1728,28.5586,2019-05-29
82.0134,28.6457,2019-05-29
82.0033,28.6442,2019-05-29
81.4705,28.9888,2019-05-29
80.9916,28.9247,2019-05-29
80.6485,29.0177,2019-05-29
80.4025,29.144,2019-05-29
80.8533,29.5593,2019-05-29
81.473,28.9985,2019-05-29
80.6612,29.0189,2019-05-29
80.4056,29.1495,2019-05-30
82.1522,28.5373,2019-05-30
82.1461,28.5308,2019-05-30
81.4787,28.4545,2019-05-30
81.472,28.4523,2019-05-30
80.527,29.4322,2019-05-30
82.1494,28.5258,2019-05-30
82.1385,28.5244,2019-05-30
81.219,28.4049,2019-05-30
82.1551,28.5305,2019-05-30
82.1432,28.5291,2019-05-30
81.8495,28.797,2019-05-30
81.4753,28.9896,2019-05-30
80.1872,28.8342,2019-05-30
80.1855,28.8431,2019-05-30
80.1753,28.8417,2019-05-30
80.1839,28.8521,2019-05-30
80.1737,28.8507,2019-05-30
80.1823,28.861,2019-05-30
80.1721,28.8596,2019-05-30
80.7623,29.0048,2019-05-30
80.752,29.0034,2019-05-30
80.6527,29.0179,2019-05-30
80.6389,29.4298,2019-05-30
81.4582,28.4771,2019-05-30
81.4761,28.4752,2019-05-30
80.8711,29.0039,2019-05-30
80.8528,29.0057,2019-05-30
80.4312,29.1998,2019-05-31
80.4046,29.167,2019-05-31
80.8544,28.9952,2019-05-31
81.2054,28.8749,2019-05-31
81.8773,28.6728,2019-05-31
81.9825,28.6553,2019-05-31
81.9935,28.6535,2019-05-31
80.9567,28.7857,2019-05-31
80.2059,28.8648,2019-05-31
80.2161,28.8633,2019-05-31
82.057,28.5307,2019-05-31
81.4687,28.4813,2019-05-31
81.4669,28.4721,2019-05-31
81.87,28.6757,2019-05-31
80.867,29.0348,2019-05-31
83.013,28.1274,2019-05-31
82.1322,28.3387,2019-05-31
80.8601,29.0369,2019-05-31
80.5453,29.1922,2019-05-31
82.6424,28.0134,2019-06-01
82.6325,28.0119,2019-06-01
82.0793,28.5678,2019-06-01
82.3936,28.8442,2019-06-01
80.8286,28.941,2019-06-01
80.8734,29.0304,2019-06-01
80.6017,29.0617,2019-06-01
81.8047,28.2745,2019-06-02
81.2702,28.5748,2019-06-05
81.2601,28.5734,2019-06-05
80.4796,29.3994,2019-06-06
80.4789,29.409,2019-06-06
83.0107,28.1335,2019-06-08
82.0454,28.5648,2019-06-08
82.2914,28.691,2019-06-08
80.5164,29.1591,2019-06-08
82.2399,28.7108,2019-06-08
82.041,28.4777,2019-06-09
81.4727,28.8807,2019-06-10
81.4637,28.8905,2019-06-10
81.4562,28.89,2019-06-11
81.4675,28.8885,2019-06-11
81.4551,28.8803,2019-06-11
82.0347,28.5842,2019-06-12
81.836,28.6987,2019-06-12
82.0474,28.5762,2019-06-12
82.0452,28.5855,2019-06-12
80.7059,29.1326,2019-06-14
82.0387,28.5833,2019-06-14
81.2614,28.5669,2019-06-14
82.2036,28.5868,2019-06-14
81.8917,28.5961,2019-06-14
82.1908,28.5866,2019-06-15
86.4533,27.2634,2019-06-15
83.1813,28.0174,2019-06-15
83.1689,28.0159,2019-06-15
83.1762,28.0166,2019-06-15
82.2955,28.2973,2019-06-15
82.2516,28.3499,2019-06-15
82.2407,28.3485,2019-06-15
82.25,28.3594,2019-06-15
82.2393,28.3581,2019-06-15
80.7126,29.1415,2019-06-15
82.1954,28.5896,2019-06-15
82.1848,28.5883,2019-06-15
82.1829,28.5978,2019-06-15
81.8921,28.5801,2019-06-15
81.6006,28.9098,2019-06-15
81.5895,28.9083,2019-06-15
81.2362,28.9253,2019-06-15
80.7145,29.1326,2019-06-15
82.2978,28.3003,2019-06-15
82.1979,28.608,2019-06-15
82.2759,28.7315,2019-06-16
82.2779,28.741,2019-06-16
82.2631,28.7336,2019-06-16
82.2675,28.7303,2019-06-16
82.2706,28.7256,2019-06-16
82.3504,28.6757,2019-06-16
82.0632,28.4821,2019-06-16
82.2032,28.6094,2019-06-16
82.0539,28.615,2019-06-16
82.0091,28.7718,2019-06-16
83.0471,27.9424,2019-06-17
82.7838,27.9776,2019-06-17
82.1921,28.2511,2019-06-17
82.2053,28.5946,2019-06-17
82.2136,28.605,2019-06-17
82.2035,28.6035,2019-06-17
81.3848,28.9615,2019-06-17
80.653,29.4475,2019-06-17
81.8986,28.5322,2019-06-17
81.8945,28.526,2019-06-17
82.7426,28.069,2019-06-18
82.7325,28.0705,2019-06-18
80.5182,29.0889,2019-06-18
87.7109,27.1952,2019-06-21
80.7796,29.3127,2019-06-21
80.7864,29.3074,2019-06-21
80.7847,29.3163,2019-06-21
86.0559,27.3583,2019-06-24
80.9485,29.4835,2019-06-27
80.9603,29.482,2019-06-27
83.6262,27.5243,2019-08-22
84.5393,27.6326,2019-08-28
82.1488,30.0089,2019-10-24
82.159,30.0074,2019-10-24
82.6145,29.1579,2019-10-24
82.6245,29.1565,2019-10-24
82.6839,29.2777,2019-10-25
82.6918,29.2688,2019-10-25
82.3715,29.4306,2019-11-02
82.2249,29.6135,2019-11-02
82.2176,29.6157,2019-11-02
83.7115,27.4819,2019-11-03
84.9109,28.361,2019-11-06
82.7585,29.6487,2019-11-06
81.3266,29.1925,2019-11-11
82.0472,28.9677,2019-11-11
80.1696,28.8194,2019-11-11
86.9254,27.5024,2019-11-12
85.7206,27.9654,2019-11-15
85.7162,27.9707,2019-11-15
83.593,27.4575,2019-11-17
82.0326,29.5256,2019-11-17
82.3084,29.3818,2019-11-18
82.3028,29.3838,2019-11-18
81.8266,29.6324,2019-11-19
84.9476,28.4098,2019-11-20
81.1697,29.7607,2019-11-21
81.1844,29.758,2019-11-21
82.327,29.4408,2019-11-21
82.1535,29.0073,2019-11-22
82.2923,29.1061,2019-11-22
82.1434,29.0075,2019-11-24
81.7545,29.7245,2019-11-24
83.5758,27.4852,2019-11-26
83.4976,27.5214,2019-11-26
81.2099,28.3221,2019-11-28
84.7463,27.1494,2019-11-28
84.9015,27.1211,2019-11-30
84.938,28.2969,2019-12-01
83.0626,27.5215,2019-12-01
80.2934,28.7043,2019-12-01
84.8803,27.1216,2019-12-03
84.8217,27.1314,2019-12-03
84.8452,27.1714,2019-12-03
83.3334,27.3918,2019-12-03
84.9557,28.3936,2019-12-04
83.5849,28.5792,2019-12-04
83.6243,28.5735,2019-12-04
84.8473,28.3454,2019-12-04
84.846,28.3364,2019-12-04
84.657,27.0728,2019-12-04
85.1538,27.0702,2019-12-05
84.7908,27.0204,2019-12-05
84.8699,27.1364,2019-12-05
84.7834,27.1742,2019-12-05
84.9267,28.3668,2019-12-05
81.8882,28.9718,2019-12-06
87.0138,27.5522,2019-12-06
87.3497,27.1979,2019-12-06
87.2012,27.5572,2019-12-06
81.9181,29.6219,2019-12-07
81.6947,29.453,2019-12-07
81.7333,29.0172,2019-12-07
82.3445,29.4527,2019-12-08
85.1306,27.0359,2019-12-10
84.9085,27.456,2019-12-10
80.4445,28.6852,2019-12-24
85.1861,28.086,2019-12-26
85.1741,28.0845,2019-12-26
84.8142,28.4434,2019-12-26
80.2349,28.805,2019-12-27
80.2079,28.8028,2019-12-27
81.6045,28.3955,2019-12-28
82.5866,28.7171,2019-12-29
82.5903,28.7106,2019-12-29
82.5881,28.7058,2019-12-29
82.5343,29.0714,2019-12-30
82.5584,29.0665,2019-12-30
84.8742,28.362,2019-12-31
84.7782,28.2818,2019-12-31
84.793,28.2801,2019-12-31
84.7869,28.283,2019-12-31
